"ID","delta_Z","benefit.stan","benefit","score","cols","priority"
15,0.4834720570466,5.22560139120145,26.775,2.32728133180961,"#00441B",1
296,2.33539953555371,7.50211037810325,36.592,2.33539953555371,"#00451B",2
937,-0.164367098249165,4.42788407278013,23.335,3.0786172089637,"#08306B",3
491,1.0713539704887,4.02763404615362,21.609,3.63590224172214,"#00461B",4
497,1.96764599628463,3.42980984647624,19.031,4.52274942779108,"#00471C",5
68,1.04841188625849,3.05530011704297,17.416,4.56872947121178,"#00481C",6
26,0.688862424356696,2.93749767583424,16.908,4.61629944451247,"#00491D",7
462,1.95177793868155,3.3145582455299,18.534,4.62006817968562,"#004A1D",8
77,1.44894278108813,3.0724603151718,17.49,4.66060455980723,"#004B1E",9
319,3.10188781202078,3.90704887011318,21.089,4.74828129375197,"#004C1E",10
328,1.46153213489104,2.98248522228009,17.102,4.75006186596223,"#004D1E",11
588,2.32019611934017,3.19049465094984,17.999,4.89625777618354,"#004E1F",12
273,0.445253128732347,2.61099012224784,15.5,4.91134479607012,"#004F1F",13
932,-0.663044392211998,2.62049779958949,15.541,4.92643575343752,"#083370",14
1242,1.41945469475506,2.76450432713008,16.162,4.94568121947622,"#005020",15
159,1.08223612472833,2.63046926606975,15.584,4.99040300518124,"#005120",16
96,1.19052398750726,2.6290778986539,15.578,5.01635255046916,"#005221",17
63,1.2094188804975,2.47602748291027,14.918,5.16954575353146,"#005321",18
374,0.49083400435041,2.32042622690425,14.247,5.20487931297292,"#005421",19
399,2.65978370230796,2.96973102096812,17.047,5.2551795383267,"#005522",20
102,0.257948048002822,2.20795736078962,13.762,5.30043331872022,"#005622",21
506,-0.256512883348226,2.17920243419536,13.638,5.32908508457515,"#083775",22
25,1.08303386038107,2.24366912446313,13.916,5.36881427884371,"#005823",23
1189,-0.448954954395983,2.09711175666014,13.284,5.4236123247222,"#083A7A",24
86,0.841553018118621,2.11357627108105,13.355,5.45385288624895,"#005923",25
119,1.33951596910782,2.18894200610632,13.68,5.47942161005004,"#005A24",26
474,1.89375673149058,2.34500705125096,14.353,5.49381736881532,"#005B24",27
95,1.9827827485176,2.37561713439968,14.485,5.49657715360726,"#005C25",28
58,0.657803958551212,2.02383307275865,12.968,5.5176288641172,"#005D25",29
74,1.38599689193816,2.13792520085844,13.46,5.54034926698986,"#005E25",30
329,2.17617625005285,2.19566694861627,13.709,5.73533651511745,"#005F26",31
724,2.32919870773732,2.23277007970563,13.869,5.76117295352624,"#006026",32
397,2.52728483457121,2.30164276679026,14.166,5.78204393025243,"#006127",33
71,1.0366144853364,1.79193850345012,11.968,5.80350173854448,"#006227",34
912,-1.06679128430918,1.7965763948363,11.988,5.80440881386658,"#083E80",35
385,1.86693685974726,1.95356901825817,12.665,5.85420912337392,"#006328",36
163,1.67639617323237,1.81907016805922,12.085,5.92513714259892,"#006428",37
302,2.08256227578437,1.95217765084232,12.659,5.92780051196412,"#006528",38
44,0.664622898842399,1.61036505568155,11.185,5.92911347015248,"#006629",39
271,-0.00635527274776915,1.55865256672575,10.962,5.94346120918745,"#084185",40
381,-0.0807396598771373,1.54659404912171,10.91,5.95606360253505,"#08458A",41
913,-0.422330781406423,1.55749309387921,10.957,5.95960048533612,"#08488F",42
930,-0.943412639012844,1.61477105249841,11.204,5.96244846873014,"#084C95",43
482,2.02169606665821,1.89258074653002,12.402,5.96272401452887,"#006729",44
152,2.45707512647567,2.06093620384801,13.128,5.97022567175878,"#00682A",45
91,1.13602261682025,1.61477105249841,11.204,5.99594127062135,"#00692A",46
934,-0.761095910021873,1.54960867852272,10.923,6.0009618785459,"#084F9A",47
1241,2.14818449971933,1.8837687528963,12.364,6.01501947314948,"#006A2B",48
853,-0.284657669220381,1.49070745791835,10.669,6.01813883667147,"#09539D",49
587,2.48175293323615,1.99322298960992,12.836,6.04209714260926,"#006C2B",50
143,1.54774677913262,1.65813533695911,11.391,6.04545816078741,"#006D2C",51
398,2.03158426872841,1.79843155139076,11.996,6.05469130503224,"#006D2C",52
386,1.97163673871449,1.76457494427172,11.85,6.06684961771108,"#016E2D",53
487,2.40437725319565,1.93107524503524,12.568,6.06773948267085,"#026F2D",54
327,1.75134828461619,1.66833869800868,11.435,6.09098619514947,"#036F2E",55
139,1.26889430384495,1.54357941972069,10.897,6.09214116188499,"#04702F",56
1205,1.88769964126354,1.7014996214198,11.578,6.10004058069929,"#05712F",57
75,0.842219679129129,1.45198106484383,10.502,6.10846942327399,"#057230",58
389,2.35893971103006,1.85965171768821,12.26,6.11571224754461,"#067230",59
1231,0.28917567068642,1.39122468768499,10.24,6.11772396319706,"#077331",60
81,1.11366685392485,1.48583767196287,10.648,6.11847947910104,"#087432",61
65,1.27106806829991,1.50647628863133,10.737,6.12888588318378,"#097432",62
330,1.91007596333105,1.67042574913246,11.444,6.13652473289803,"#0A7533",63
880,0.235542141536942,1.36989038730861,10.148,6.13674197892833,"#0A7633",64
1317,1.59330618144014,1.5737257137308,11.027,6.13875959103969,"#0B7734",65
503,1.14643157753331,1.44711127888835,10.481,6.1625740931415,"#0C7734",66
902,-0.491991649345892,1.35690429142733,10.092,6.16486931173279,"#0C56A0",67
927,-0.735209835139785,1.36919470360068,10.145,6.17682670731869,"#0E59A2",68
943,-0.317013623991169,1.29985822737743,9.846,6.21034857145547,"#115CA5",69
106,2.12475236869915,1.66532406860767,11.422,6.21149314183052,"#0D7835",70
162,0.349571894080657,1.30032201651605,9.848,6.21163258661115,"#0E7936",71
51,-0.0595228107584731,1.29058244460509,9.806,6.21181311966389,"#1360A7",72
266,0.242560812179714,1.28316181838722,9.774,6.22367712337323,"#0F7936",73
49,0.397165233502712,1.25579825920882,9.656,6.25892605079743,"#0F7A37",74
137,1.28049180565092,1.36803523075414,10.14,6.26630171454145,"#107B37",75
911,-0.831487547112647,1.28362560752584,9.776,6.27382852673761,"#1663AA",76
1460,-0.00332528666005838,1.18924451781727,9.369,6.31286673607923,"#1866AC",77
615,0.923109572087468,1.25046468411472,9.633,6.31943076275425,"#117C38",78
352,2.14634987390402,1.53082521840873,10.842,6.34531829300909,"#127C39",79
1239,1.37503809993899,1.2961479142685,9.83,6.3564691361486,"#137D39",80
501,1.1634672761693,1.24582679272855,9.613,6.36354778432171,"#147E3A",81
167,1.78994769131385,1.36826712532345,10.141,6.38967493596599,"#147E3A",82
595,2.20831706008802,1.4946496655966,10.686,6.40048814155504,"#157F3B",83
34,0.293923191445186,1.09068932586115,8.944,6.41815477778485,"#16803C",84
1319,1.01233269692548,1.14750349534173,9.189,6.43473745569346,"#17813C",85
906,-0.333839689834038,1.0596154535738,8.81,6.45113864299134,"#1B69AF",86
1225,0.906011065283048,1.09509532267801,8.963,6.47075714046363,"#18813D",87
332,3.0627310242547,1.76758957367273,11.863,6.50115760333332,"#19823D",88
196,1.89082163088743,1.27156708992179,9.724,6.51113477864917,"#19833E",89
267,0.358533897977322,0.97984372173167,8.466,6.53211366196389,"#1A833F",90
76,1.67702494383849,1.17556273822807,9.31,6.54504527882479,"#1B843F",91
630,1.35018703442214,1.09602290095524,8.967,6.54682837661063,"#1C8540",92
72,1.29063031841174,1.07909459739572,8.894,6.55140124996336,"#1D8640",93
358,0.441846890648359,0.942508696072998,8.305,6.57446597844035,"#1E8641",94
612,1.86206317670298,1.19504188204998,9.394,6.57619892399407,"#1E8742",95
347,2.63924446242366,1.47331536522021,10.594,6.58118383270041,"#1F8842",96
617,0.518265762602834,0.918391660864911,8.201,6.60408597372874,"#208943",97
333,2.08998879685238,1.23052175115419,9.547,6.61066389076356,"#218943",98
418,3.09401534524496,1.65164228901847,11.363,6.61822542816506,"#228A44",99
274,0.511740777165511,0.848823290072354,7.901,6.67293846058635,"#238B45",100
944,-0.0568903764061759,0.82424246572565,7.795,6.67811023943825,"#1D6CB1",101
539,0.657196488543421,0.852301708611982,7.916,6.682204917944,"#238B45",102
110,2.33006668891188,1.23376827512451,9.561,6.68740035400549,"#248C46",103
1240,1.3339085227134,0.949001744013636,8.333,6.68749166108992,"#258D46",104
879,0.34760461295598,0.820532152616714,7.779,6.69061406376455,"#258D47",105
144,1.66497063745631,1.02019337679135,8.64,6.69233705333853,"#268E47",106
382,1.82665876197424,1.05590514046487,8.794,6.70001822374042,"#278F48",107
686,1.66247733815036,1.00001854926151,8.553,6.71126136062022,"#279048",108
64,1.20782729903041,0.878273900374536,8.028,6.73305699277621,"#289049",109
113,1.76380800195303,1.00303317866252,8.566,6.73416833113368,"#299149",110
126,0.611204870460713,0.789922069467988,7.647,6.73995870048584,"#29924A",111
1232,0.722104607138907,0.798502168532404,7.684,6.74238815933025,"#2A924A",112
1238,1.65306799334437,0.964306785587999,8.399,6.74355318841075,"#2B934B",113
1291,1.43115496499944,0.910507245508421,8.167,6.74517875163264,"#2B944B",114
109,0.00878222827163233,0.756065462348944,7.501,6.74605063225202,"#2C944C",115
120,2.38453106651626,1.1873893612628,9.361,6.74993999437829,"#2D954D",116
272,0.460648266935306,0.766964507106444,7.548,6.75088044105624,"#2D964D",117
892,-0.446110587372369,0.757688724334103,7.508,6.75915957053803,"#2070B4",118
78,1.56129973243651,0.923029552251082,8.221,6.76180163622107,"#2E974E",119
99,1.48760692426171,0.899840095320229,8.121,6.76778747066064,"#2F974E",120
904,-0.399049446286955,0.717570963843728,7.335,6.79626482151945,"#2373B6",121
100,2.14308415688645,1.03271568353401,8.694,6.8151212327895,"#2F984F",122
35,-0.327899862501369,0.69067119380394,7.219,6.81932709885927,"#2676B7",123
1468,1.07441739716283,0.764413666844051,7.537,6.82282417450715,"#30994F",124
627,0.763511045110053,0.70783139193277,7.293,6.83704439490653,"#309950",125
339,1.63432971934871,0.837692350745544,7.853,6.86188758833287,"#319A50",126
82,0.681356206319404,0.670728260843406,7.133,6.86527697270165,"#329B51",127
946,-0.444562901496446,0.651017222452182,7.048,6.86550170058939,"#2979B9",128
73,1.55500678770996,0.813807210106766,7.75,6.86669100636222,"#329C51",129
420,2.31525140716499,1.029701054133,8.681,6.8740433178295,"#339C52",130
493,0.707092829487635,0.664467107472076,7.106,6.87410690678582,"#349D52",131
895,0.0720083418202,0.625740714397553,6.939,6.87674668380504,"#349E53",132
1303,0.916646484894183,0.682554883878141,7.184,6.88088496612788,"#359E53",133
905,-0.287041337511419,0.624117452412393,6.932,6.88397991101759,"#2C7CBA",134
1216,-0.584818679244668,0.630378605783723,6.959,6.89657236881475,"#2F7FBC",135
125,1.58054600927276,0.780878181264956,7.608,6.90457007577182,"#369F54",136
548,0.772919989580676,0.633161340615425,6.971,6.91229818438833,"#36A054",137
924,-1.03906440214334,0.667945526011704,7.121,6.91270309339009,"#3282BD",138
921,-0.714126522165942,0.616928720763829,6.901,6.92211695539912,"#3585BF",139
112,2.02242407712353,0.87920147865177,8.032,6.92481923505318,"#37A055",140
876,2.1680580759945,0.919551133711454,8.206,6.930408503603,"#38A155",141
1472,0.887305856242647,0.593971158402285,6.802,6.9648904629788,"#38A256",142
942,-0.0900995749286748,0.534838043228611,6.547,6.96785488667149,"#3888C1",143
696,2.48300712357813,0.984017823979224,8.484,6.97501648169141,"#39A357",144
691,1.77159176384474,0.744238839314209,7.45,6.98622681513401,"#3AA357",145
38,0.692556416688293,0.548519822817814,6.606,6.98799370354975,"#3AA458",146
46,-0.219059064275102,0.513735637421535,6.456,6.99180723345826,"#3B8BC2",147
483,1.85631872915537,0.754442200363784,7.494,6.99835302489741,"#3BA558",148
838,2.11955891246485,0.818676996062245,7.771,7.01147714505219,"#3CA559",149
140,0.601259831799829,0.506315011203662,6.424,7.02158573264399,"#3CA659",150
118,1.40093410321541,0.612058934808349,6.88,7.03103301462894,"#3DA75A",151
313,2.65638896020925,0.974278252068266,8.442,7.04762332801746,"#3EA75A",152
97,1.22984812939064,0.558259394728772,6.648,7.05192122053815,"#3EA85B",153
1293,0.124447628001604,0.449500841723074,6.179,7.0537074283497,"#3FA95B",154
893,-0.523068256576038,0.450660314569616,6.184,7.07082374264455,"#3E8EC4",155
1294,0.734303163393245,0.459704202772649,6.223,7.08058513642085,"#40AA5C",156
88,1.09456489796057,0.506083116634354,6.423,7.08113477904943,"#40AA5C",157
306,0.35269435675925,0.428630330485306,6.089,7.08226752483545,"#41AB5D",158
717,1.78601662851931,0.645219858219469,7.023,7.08567590276464,"#42AB5D",159
62,1.38860694697728,0.551070663080207,6.617,7.08838362202704,"#43AC5E",160
846,2.2784667055049,0.786211756359052,7.631,7.09187597365041,"#44AC5E",161
355,1.91277165372645,0.670496366274098,7.132,7.09433896891879,"#45AD5F",162
694,2.02440981944574,0.698555609160429,7.253,7.09835140092915,"#46AD5F",163
130,1.48301137997255,0.558723183867389,6.65,7.09999637198545,"#47AE60",164
1306,1.89481159643113,0.658437848670055,7.08,7.10113826622805,"#48AE60",165
679,1.44711335834086,0.548056033679197,6.604,7.10302814981692,"#49AF61",166
878,0.0956338895839814,0.396165090782113,5.949,7.10658879260918,"#4AAF61",167
614,0.493726056256623,0.411238237787167,6.014,7.10804003428072,"#4BB062",168
525,0.185124594197312,0.382947100331527,5.892,7.12156983332678,"#4CB062",169
134,0.139310961714675,0.377149736098814,5.867,7.12632245230077,"#4DB163",170
1190,1.34913959009255,0.501677119817492,6.404,7.12925265629353,"#4EB163",171
502,1.26140149044811,0.48150229228765,6.317,7.13302681999192,"#4FB264",172
897,-0.0803283670012387,0.367642058757164,5.826,7.13492052137219,"#4191C5",173
919,-0.0135583259330554,0.35883006512344,5.788,7.14329318018006,"#4493C7",174
147,0.988287621254193,0.423992439099136,6.069,7.14678011280437,"#50B264",175
390,1.81372829580075,0.583535902783401,6.757,7.15236206448859,"#51B365",176
714,1.55182195586945,0.515822688545312,6.465,7.15656111997845,"#52B365",177
922,-0.633119565967942,0.372511844712643,5.847,7.15765433868784,"#4896C8",178
1316,1.39249610865103,0.473849771500469,6.284,7.1648791034415,"#53B466",179
933,-0.557112944492685,0.354655962875887,5.77,7.16913380058389,"#4B98C9",180
478,2.08003249513852,0.639422493986756,6.998,7.17098460294202,"#54B466",181
363,1.46399261682575,0.481734186856958,6.318,7.17139848626041,"#55B567",182
392,2.32693196247959,0.712933072457558,7.315,7.17687542357421,"#57B567",183
709,1.30057440895262,0.443007793782435,6.151,7.17791216783733,"#58B668",184
841,1.3258516995049,0.44068884808935,6.141,7.18481431587649,"#59B668",185
863,0.282391410234236,0.31477009695482,5.598,7.19288573700381,"#5AB769",186
687,2.56519705478105,0.776935973586711,7.591,7.19779179339203,"#5BB769",187
270,0.278624788642583,0.308972732722107,5.573,7.19853186130654,"#5CB86A",188
926,-0.622246631820027,0.328683771113332,5.658,7.20036389057402,"#4F9ACB",189
308,2.69364680448677,0.817749417785011,7.767,7.20669234497688,"#5DB86A",190
673,2.59272704489472,0.770211031076764,7.562,7.21392419892419,"#5EB96B",191
884,-0.163976830527202,0.282536751820935,5.459,7.22143557378039,"#529DCC",192
917,-0.231178577223426,0.282768646390244,5.46,7.22304219659694,"#559FCD",193
1469,0.541627427275012,0.299233160811149,5.531,7.2232126147139,"#5FB96B",194
27,1.16865112034617,0.365786902202696,5.818,7.23138010298004,"#60BA6C",195
133,1.65093516256714,0.460631781049883,6.227,7.23242751389609,"#61BA6C",196
138,2.22987453252979,0.60417451945186,6.846,7.24940408177759,"#62BB6D",197
70,0.297367762072353,0.247752566424657,5.309,7.26045004430043,"#63BB6D",198
423,2.19240107664158,0.578666116827922,6.736,7.26227945757015,"#64BC6E",199
693,2.62065108870906,0.725455379200218,7.369,7.26573224822587,"#65BC6E",200
94,1.77246057825003,0.455298205955787,6.204,7.26630430762269,"#66BD6F",201
872,-0.358463464306835,0.244506042454337,5.295,7.26645145501384,"#59A1CF",202
287,-0.723335253305452,0.270478234216892,5.407,7.26771747890387,"#5CA4D0",203
903,-0.384402232330256,0.242187096761252,5.285,7.27009292424739,"#60A6D1",204
1322,1.16435402096564,0.322190723172693,5.63,7.27371751839435,"#67BD6F",205
103,2.66768337480895,0.715020123581335,7.324,7.29253924989495,"#68BE70",206
123,1.36547433584921,0.335176819053971,5.686,7.29585202712401,"#69BE70",207
843,2.12095789473279,0.516518372253237,6.468,7.30047656413093,"#6ABF71",208
50,0.497880567547237,0.214823537582846,5.167,7.30427508761567,"#6BBF71",209
852,-0.987277854473261,0.262361924291094,5.372,7.3067554520737,"#63A8D3",210
890,-0.649344822273517,0.221548480092793,5.196,7.30946169351581,"#66ABD4",211
716,1.10708982983775,0.274420441895137,5.424,7.31198671397139,"#6CC072",212
67,0.902828005612554,0.243346569607795,5.29,7.31469414502355,"#6DC072",213
1288,0.824250007235248,0.229432895449283,5.23,7.31923669798493,"#6EC173",214
299,2.92931987847331,0.78806691291352,7.639,7.32525048055531,"#6FC173",215
40,0.318120675438923,0.181430719602419,5.023,7.3275883772582,"#70C274",216
1233,2.26112216279181,0.532055308396909,6.535,7.32764226131484,"#71C274",217
954,0.162017869742687,0.174473882523163,4.993,7.32942742657795,"#72C375",218
840,0.69133453091534,0.203692598256037,5.119,7.33108760845386,"#73C375",219
936,-0.655942700095848,0.199286601439175,5.1,7.33222312391127,"#6AADD5",220
283,1.74428897121635,0.378309208945356,5.872,7.33424073185509,"#74C476",221
695,2.31148069488899,0.535765621505845,6.551,7.33981622866789,"#75C476",222
380,3.21466536738321,0.903550408429166,8.137,7.33996369865943,"#75C477",223
375,0.862049191223185,0.211808908181835,5.154,7.34109149448683,"#76C578",224
472,2.15944182682269,0.484285027119352,6.329,7.34255144076931,"#77C578",225
882,-0.120790294263301,0.158936946379492,4.926,7.34416682432812,"#6EAFD6",226
1243,0.90030862994754,0.207402911364973,5.135,7.35005528240741,"#78C579",227
689,2.42256402852316,0.548519822817814,6.606,7.36350718631069,"#79C67A",228
146,1.15167381956574,0.227809633464124,5.223,7.36490352347744,"#79C67A",229
929,-0.912805928255809,0.185604821849972,5.041,7.37322644554906,"#71B1D7",230
1318,1.43383760903394,0.263985186276253,5.379,7.37877676729962,"#7AC77B",231
121,2.41443987418047,0.523011420193876,6.496,7.38494022794526,"#7BC77C",232
1308,1.32607099043121,0.227345844325507,5.221,7.39463746870485,"#7CC77C",233
1301,1.1944579697184,0.197895234023324,5.094,7.4012356206535,"#7CC87D",234
596,2.04353008152443,0.387816886287006,5.913,7.40197183740888,"#7DC87E",235
705,0.506483782016678,0.112558032517787,4.726,7.40688933963465,"#7EC87E",236
543,0.555575416472594,0.107224457423691,4.703,7.41572665510625,"#7FC97F",237
940,-0.228753938963526,0.0812522656611358,4.591,7.4243830376395,"#75B3D8",238
871,0.190535200420726,0.0761505851363482,4.569,7.42840376590828,"#80C97F",239
941,-0.246141546285986,0.0770781634135824,4.573,7.42911091921418,"#79B5D9",240
342,2.10711530356039,0.37622215782158,5.863,7.43089616603862,"#80CA80",241
291,0.448864904140822,0.0754549014284226,4.566,7.44020774383306,"#81CA81",242
105,2.36935261321994,0.447645685168605,6.171,7.44172721279365,"#82CA81",243
1314,1.31696989016072,0.16542999432013,4.954,7.45394450914265,"#83CB82",244
356,1.66500687751414,0.231288052003752,5.238,7.45902843538461,"#84CB83",245
544,1.07635271555884,0.112326137948478,4.725,7.46776045975838,"#84CB83",246
1305,1.45229484364553,0.16705325630529,4.961,7.47744764561533,"#85CC84",247
1188,-0.484460565863511,0.0364966137845904,4.398,7.48131612203768,"#7DB7D9",248
710,1.5771470287531,0.178879879340025,5.012,7.49113460620756,"#86CC85",249
39,1.01142182237922,0.079165214537359,4.582,7.49153448928129,"#87CC85",250
875,-0.791252088723892,0.04600429112624,4.439,7.49797291593971,"#80B9DA",251
907,-0.800477141344168,0.0360328246459734,4.396,7.50886660475821,"#84BCDB",252
1310,1.26269435470651,0.0958616235275728,4.654,7.51311637391977,"#87CD86",253
567,0.913218496263233,0.0443810291410804,4.432,7.5134343055815,"#88CD87",254
925,-0.637247310730285,0.0156261025468231,4.308,7.51355647767331,"#88BEDC",255
1210,1.33501908146157,0.106760668285073,4.701,7.5148834507512,"#89CE87",256
454,3.00746442990642,0.610899461961807,6.875,7.51888490322197,"#8ACE88",257
290,-0.0159406658034129,-0.0179986100029129,4.163,7.52012588311002,"#8BC0DD",258
698,2.37668058054844,0.367410164187856,5.825,7.52014346434963,"#8BCE89",259
326,2.58152781190786,0.438369902396264,6.131,7.52068582988246,"#8BCF89",260
918,2.16748948483878,0.300392633657692,5.536,7.5208210414521,"#8CCF8A",261
620,0.886319316907877,0.0332500898142712,4.384,7.52126558083838,"#8DCF8A",262
505,1.21799443141983,0.0800927928145932,4.586,7.52129347062749,"#8ED08B",263
621,1.62310848968492,0.150820636453693,4.891,7.52834258220023,"#8FD08C",264
142,1.71715894661567,0.170531674844918,4.976,7.52998546678633,"#8FD18C",265
631,1.74750978301111,0.177488511924174,5.006,7.53019760193769,"#90D18D",266
136,0.998006962922934,0.0320906169677284,4.379,7.53639258065806,"#91D18E",267
365,0.272693629308139,-0.0328398624386585,4.099,7.53988308549329,"#92D28E",268
586,2.47611273370348,0.378077314376048,5.871,7.54208070515603,"#93D28F",269
117,2.12384694655541,0.263753291706945,5.378,7.54350973768685,"#93D290",270
935,-0.829357635716732,-0.000142728166156468,4.24,7.54795573373682,"#8FC2DD",271
387,2.51092310750234,0.374135106697803,5.854,7.55729887734743,"#94D390",272
1320,1.1951759925909,0.0302354604132604,4.371,7.56685935106966,"#95D391",273
477,2.11342274399962,0.233606997696837,5.248,7.56952423114123,"#96D392",274
723,1.69073706833114,0.112789927087095,4.727,7.58028024297483,"#96D492",275
1321,0.965314088043887,-0.0166072425870619,4.169,7.58043177848432,"#97D493",276
369,0.144937387161971,-0.0775955143152038,3.906,7.58109149540884,"#98D594",277
538,0.98395988105982,-0.0154477697405191,4.174,7.58167907219419,"#99D594",278
459,2.23887923446894,0.257260243766306,5.35,7.58290404103456,"#9AD595",279
733,1.3995556212508,0.041134505170761,4.418,7.59110775272327,"#9AD695",280
276,-0.176366480752136,-0.087335086226162,3.864,7.59149442412778,"#93C4DE",281
598,1.70940572034455,0.101658987760286,4.679,7.59531096779952,"#9BD696",282
629,1.35976609220084,0.026988936442941,4.357,7.59778944121702,"#9CD697",283
473,2.24156112728049,0.239636256498858,5.274,7.60053462950524,"#9DD797",284
854,-0.419344855811117,-0.0905816101964813,3.85,7.60426339215615,"#97C6DF",285
388,3.03647883771874,0.524170893040419,6.501,7.60998312672982,"#9ED798",286
1315,1.01116675037971,-0.0430432234882337,4.055,7.61260803330122,"#9ED799",287
916,0.018097870787851,-0.116553801959036,3.738,7.61868567546208,"#9FD899",288
376,1.45975304920772,0.0174812591012913,4.316,7.6256509239332,"#A0D89A",289
92,2.07175724559999,0.148037901621991,4.879,7.64032460527923,"#A1D99B",290
949,-0.139107411951995,-0.139743258889889,3.638,7.64311964326643,"#9AC8E0",291
625,-0.315649534703169,-0.135337262073027,3.657,7.643967627168,"#9ECAE1",292
857,-0.801823657536894,-0.102176338661908,3.8,7.64644346402671,"#A0CBE2",293
486,2.97147272319626,0.447413790599297,6.17,7.65495879064279,"#A1D99B",294
952,2.22461047472961,0.170763569414226,4.977,7.66143183703617,"#A2D99C",295
951,2.12763875912893,0.139921591696193,4.844,7.66346334342675,"#A2D99C",296
845,1.41268885043354,-0.0323760733000415,4.101,7.66577953469306,"#A3DA9D",297
896,-0.369006032608327,-0.157831035295954,3.56,7.66882441504625,"#A3CCE2",298
1304,1.19379917906224,-0.0755084631914271,3.915,7.67107970131152,"#A3DA9D",299
865,0.258046174683701,-0.167106818068295,3.52,7.6735572083827,"#A4DA9E",300
104,2.14754504617895,0.127167390384224,4.789,7.68125860764196,"#A5DA9E",301
839,0.880759753227814,-0.132554527241324,3.669,7.68530064212233,"#A5DA9F",302
901,-0.67272291950732,-0.158062929865262,3.559,7.68965611939465,"#A5CDE3",303
1323,1.18470061593807,-0.103799600647067,3.793,7.69762185056253,"#A6DBA0",304
607,2.28655162064058,0.147342217914065,4.876,7.70200837470245,"#A6DBA0",305
680,2.61755164619361,0.258419716612849,5.355,7.70211860593266,"#A7DBA1",306
870,-0.0860404986209351,-0.199803952340797,3.379,7.70239490813748,"#A8CEE4",307
900,-0.00220422760370598,-0.206065105712127,3.352,7.70817579897551,"#AACFE5",308
722,1.43822755827232,-0.0752765686221187,3.916,7.7126708376397,"#A7DBA1",309
87,1.4618147482885,-0.0717981500824907,3.931,7.71368866053319,"#A8DCA2",310
1224,0.43897021760648,-0.202818581741807,3.366,7.71742347731446,"#A8DCA2",311
633,1.07295931771954,-0.156903457018719,3.564,7.73380466679052,"#A9DCA3",312
678,2.17145437098393,0.0777738471215078,4.576,7.73537245454511,"#AADCA3",313
704,0.492437703006647,-0.222297725563723,3.282,7.74008885241884,"#AADDA4",314
729,2.38467053619005,0.132037176339703,4.81,7.74626571746194,"#ABDDA4",315
135,0.988323440782282,-0.190296274999147,3.42,7.75563687522138,"#ABDDA5",316
98,2.24010292523099,0.07429542858188,4.561,7.75825341426545,"#ACDDA6",317
684,1.99474427522861,-0.00825903809195488,4.205,7.77075630111237,"#ACDEA6",318
394,2.25465822106448,0.0643239621016134,4.518,7.77201070919695,"#ADDEA7",319
745,1.00612062566358,-0.204905632865584,3.357,7.77241111282178,"#AEDEA7",320
371,1.03315033435118,-0.206992683989361,3.348,7.7780247900952,"#AEDEA8",321
370,1.09263230144715,-0.200963425187339,3.374,7.78017939157622,"#AFDEA8",322
685,1.52501660290978,-0.129539897840314,3.682,7.7825292529781,"#AFDFA9",323
527,0.884033340266152,-0.231805402905373,3.241,7.78427698983254,"#B0DFA9",324
874,-0.547162560224807,-0.265662010024418,3.095,7.78701963148099,"#ADD0E6",325
1307,1.4366269848401,-0.152265565632549,3.584,7.78802723297832,"#B0DFAA",326
148,1.53464726996611,-0.136960524058186,3.65,7.79169727924949,"#B1DFAA",327
479,2.09188535240109,-0.0115055620622743,4.191,7.79938515678638,"#B1E0AB",328
757,0.741099826436219,-0.26218359148479,3.11,7.79958266825379,"#B2E0AC",329
923,-0.330304786029342,-0.29209799092559,2.981,7.80120409626059,"#AFD1E7",330
715,2.14760167656319,0.00101674468038613,4.245,7.80247388067105,"#B3E0AC",331
115,2.98492632261457,0.291348745454659,5.497,7.80415712773098,"#B3E0AD",332
850,0.236661835276226,-0.301373773697931,2.941,7.80707203320736,"#B4E1AD",333
553,0.612914050846321,-0.284677364707717,3.013,7.81087235751013,"#B4E1AE",334
599,3.11196768926933,0.337031975608439,5.694,7.811702209695,"#B5E1AE",335
1296,1.39579188279579,-0.189600591291221,3.423,7.81733027425487,"#B5E1AF",336
460,2.54468610546936,0.107920141131616,4.706,7.81981308190262,"#B6E2AF",337
160,1.41351144249106,-0.20235479260319,3.368,7.83305803404275,"#B7E2B0",338
166,1.60725417801936,-0.171049025746539,3.503,7.83968374551226,"#B7E2B0",339
1332,2.32695470203329,0.0121476840071953,4.293,7.84310266057161,"#B8E2B1",340
379,3.23787228373536,0.356743013999663,5.779,7.8447493072614,"#B8E2B2",341
706,0.812681092485483,-0.300446195420696,2.945,7.84476511064067,"#B9E3B2",342
707,1.92346880107117,-0.10333581150845,3.795,7.84490560630102,"#B9E3B3",343
303,2.99448584272012,0.250999090394976,5.323,7.84509785592133,"#BAE3B3",344
400,3.17386512713282,0.319407988340991,5.618,7.85268320162772,"#BAE3B4",345
101,2.78423064933957,0.1591688409488,4.927,7.8530714199471,"#BBE4B4",346
760,1.00202877774704,-0.288155783247345,2.998,7.8544451450193,"#BCE4B5",347
1050,-0.344325660945216,-0.34705700385171,2.744,7.85671615566777,"#B2D2E8",348
868,-0.434269825922067,-0.344042374450699,2.757,7.85816157241096,"#B4D3E8",349
861,-0.457245347346566,-0.343114796173465,2.761,7.85853875365994,"#B7D4E9",350
690,1.84134559721705,-0.139279469751272,3.64,7.86011402050153,"#BCE4B5",351
411,1.9665185230509,-0.108205597463929,3.774,7.86028653100351,"#BDE4B6",352
52,0.699791607830936,-0.330592489430805,2.815,7.86390122683816,"#BDE5B6",353
889,-0.423584610279254,-0.354013840930966,2.714,7.86753529810711,"#B9D5EA",354
881,0.222690284840909,-0.37372487932219,2.629,7.87898292707048,"#BEE5B7",355
603,1.71943503055024,-0.187049751028828,3.434,7.87906341615028,"#BEE5B8",356
129,0.588898541800801,-0.355868997485434,2.706,7.88001531468767,"#BFE5B8",357
359,1.31376527311142,-0.271227479687822,3.071,7.88357537188561,"#BFE6B9",358
492,-0.336513181561457,-0.388566131757936,2.565,7.89784887831108,"#BCD6EB",359
555,0.661687373016821,-0.368159409658786,2.653,7.89803625667607,"#C0E6B9",360
860,-0.736902795111856,-0.364217201980541,2.67,7.9007680213148,"#BED7EC",361
867,-0.323762629106121,-0.394827285129266,2.538,7.90357176832006,"#C1D8ED",362
858,-0.814914649192884,-0.361666361718147,2.681,7.905888343458,"#C3D9EE",363
107,1.84349939474892,-0.191687642414998,3.414,7.91157493796084,"#C1E6BA",364
383,3.34742325215702,0.329843243959875,5.663,7.9149641990722,"#C1E6BA",365
962,0.563346995033628,-0.396682441683734,2.53,7.91885647342669,"#C2E6BB",366
1151,1.50606073748235,-0.273546425380908,3.061,7.92016778045486,"#C2E7BB",367
198,0.625737112315505,-0.394363495990649,2.54,7.92122759286567,"#C3E7BC",368
609,2.02767326656414,-0.156903457018719,3.564,7.92287522320834,"#C3E7BC",369
157,1.97796126098973,-0.175223127994093,3.485,7.92803762061085,"#C4E7BD",370
168,1.54968282551441,-0.278184316767078,3.041,7.93312689919439,"#C5E8BE",371
476,1.82907332143423,-0.220442569009255,3.29,7.93620395630924,"#C5E8BE",372
89,1.99170916078459,-0.181716175934732,3.457,7.93776391017599,"#C6E8BF",373
938,-0.9027277543064,-0.390189393743096,2.558,7.94375937998382,"#C6DBEF",374
494,1.46384388833566,-0.306011665084101,2.921,7.94415563610922,"#C6E8BF",375
1230,0.0265848873460359,-0.445148406669216,2.321,7.94730325005774,"#C7E9C0",376
1330,0.986395240187807,-0.38949371003517,2.561,7.95301142044874,"#C7E9C0",377
702,1.96528750167105,-0.204441843726967,3.359,7.95319445958796,"#C7E9C0",378
149,2.1675421765039,-0.152961249340475,3.581,7.95602669101965,"#C8E9C1",379
362,0.671666034690243,-0.426596841124534,2.401,7.95710584511675,"#C8E9C1",380
1001,-1.1930699269066,-0.366536147673626,2.66,7.95858115483591,"#C7DBEF",381
275,0.584485608607987,-0.437727780451343,2.353,7.96132234058573,"#C8E9C1",382
395,1.98994706024556,-0.208847840543829,3.34,7.96359001658805,"#C9E9C2",383
731,2.41631075059726,-0.0868712970875449,3.866,7.96437069138758,"#C9EAC2",384
909,-0.607213619216911,-0.443293250114748,2.329,7.96857246906007,"#C8DCEF",385
887,2.45926676734124,-0.0782911980231294,3.903,7.96934634008889,"#C9EAC3",386
725,1.93280011810732,-0.229950246350905,3.249,7.96997351292901,"#CAEAC3",387
855,1.96491873913931,-0.222065830994415,3.283,7.97018216608699,"#CAEAC3",388
910,-0.981599812751993,-0.407813381010543,2.482,7.9705979742669,"#C9DDF0",389
888,-0.428819613533674,-0.46184481565943,2.249,7.97549174591828,"#CADEF0",390
47,0.282034080697345,-0.469961125585228,2.214,7.97705881152926,"#CAEAC4",391
19,0.271693962481743,-0.480164486634803,2.17,7.98689737166303,"#CBEAC4",392
971,-0.595884385983424,-0.464163761352515,2.239,7.98852939322504,"#CBDEF0",393
1152,0.273693810656279,-0.485266167159591,2.148,7.99206433769189,"#CBEAC4",394
93,2.22022196153251,-0.175455022563401,3.484,7.99214589706575,"#CBEAC5",395
132,1.88030917563632,-0.266357693732343,3.092,7.99278792281586,"#CCEBC5",396
955,0.486183770798037,-0.482019643189272,2.162,7.99891910547243,"#CCEBC5",397
611,2.46098771132663,-0.113075383419408,3.753,8.00296911763366,"#CCEBC6",398
338,2.26406844829303,-0.185194594474359,3.442,8.01377961264049,"#CDEBC6",399
891,-0.683080928959445,-0.486193745436825,2.144,8.01745610063912,"#CCDFF1",400
349,2.83225576865637,0.00148053381900313,4.247,8.01755079809631,"#CDEBC7",401
127,1.82572279890274,-0.310417661900963,2.902,8.02302051064842,"#CDEBC7",402
1211,1.18117962238787,-0.434713151050332,2.366,8.02423535505223,"#CEEBC7",403
1312,1.15660760226936,-0.445844090377142,2.318,8.03166989975712,"#CEECC8",404
851,1.44809206725268,-0.400160860223362,2.515,8.03385719062295,"#CEECC8",405
1300,1.6259152271248,-0.366072358535009,2.662,8.03441969920221,"#CFECC8",406
165,1.79157129163094,-0.33453469710905,2.798,8.03882663874805,"#CFECC9",407
883,-0.382683965156579,-0.530717502744062,1.952,8.04193824774263,"#CDE0F1",408
197,0.42559845750478,-0.528630451620285,1.961,8.04201046512743,"#D0ECC9",409
1299,0.990188679963222,-0.482019643189272,2.162,8.04529712433492,"#D0ECC9",410
682,1.21460960707524,-0.451641454609855,2.293,8.04595828438021,"#D0ECCA",411
765,0.375900353958088,-0.536746761546083,1.926,8.04764097035875,"#D1EDCA",412
384,2.38339655448661,-0.187049751028828,3.434,8.05007842367843,"#D1EDCB",413
116,2.6180898772974,-0.110988332295631,3.762,8.05069354651412,"#D1EDCB",414
1290,1.51519343515096,-0.405030646178841,2.494,8.05100554737167,"#D2EDCB",415
541,0.588321390044141,-0.531181291882679,1.95,8.05480583956241,"#D2EDCC",416
131,1.13173891240367,-0.474599016971399,2.194,8.05659517037568,"#D2EDCC",417
721,2.18258829470611,-0.253835386989683,3.146,8.05719469637237,"#D3EDCC",418
108,1.9444726073814,-0.318533971826761,2.867,8.05875001280898,"#D3EDCD",419
6,-0.372032457651319,-0.549964751996669,1.869,8.06066511215543,"#CFE1F2",420
1196,-0.172456353329817,-0.559704323907627,1.827,8.06365906294174,"#D0E1F2",421
504,1.41108777031858,-0.437263991312726,2.355,8.06379774506292,"#D3EECD",422
968,-0.49768788196453,-0.546486333457042,1.884,8.06396938568057,"#D1E2F2",423
761,0.87163799662893,-0.516340039446933,2.014,8.06568657312432,"#D4EECD",424
145,1.6054833855633,-0.402247911347139,2.506,8.06575829474965,"#D4EECE",425
908,-0.564575695455136,-0.548573384580818,1.875,8.07045567255304,"#D2E3F3",426
688,1.47311923687778,-0.434945045619641,2.365,8.07260361254709,"#D4EECE",427
357,1.38537372266514,-0.453728505733632,2.284,8.07555773287653,"#D5EECF",428
866,2.50030634514726,-0.17731017911787,3.476,8.07620157711866,"#D5EECF",429
931,-0.630792213727123,-0.553211275966989,1.855,8.07998179251857,"#D3E4F3",430
601,2.8613143248334,-0.0595077379091389,3.984,8.08487403723172,"#D5EECF",431
1474,0.0403864750296832,-0.58289378083848,1.727,8.08510502822754,"#D6EFD0",432
560,0.950416586888261,-0.527007189635125,1.968,8.08517288653726,"#D6EFD0",433
713,1.62757150364898,-0.420567582322512,2.427,8.08812803212871,"#D6EFD0",434
597,1.52447289929883,-0.442829460976131,2.331,8.08987556562443,"#D7EFD1",435
604,1.8903918322553,-0.370478355351871,2.643,8.09637169635769,"#D7EFD1",436
751,0.760710436134225,-0.560631902184862,1.823,8.09854884815724,"#D7EFD1",437
269,0.4531189458642,-0.585444621100874,1.716,8.10023843132118,"#D8EFD2",438
1137,1.35808521359618,-0.486193745436825,2.144,8.10292528766963,"#D8EFD2",439
622,0.564370863185566,-0.581734307991937,1.732,8.10352141850209,"#D8F0D3",440
1046,-0.662419980060233,-0.575705049189916,1.758,8.10493074044426,"#D4E4F3",441
862,0.486364004198794,-0.588227355932576,1.704,8.10494383665576,"#D9F0D3",442
154,2.23141552667177,-0.289779045232504,2.991,8.10510678758543,"#D9F0D3",443
531,1.1309353330028,-0.523760665664806,1.982,8.10516013035083,"#D9F0D4",444
920,-0.35669664350926,-0.598198822412843,1.661,8.10815895499443,"#D5E5F4",445
652,0.0265443689688558,-0.607474605185184,1.621,8.10962842580973,"#DAF0D4",446
277,0.0544306643394039,-0.609793550878269,1.611,8.11208654109694,"#DAF0D4",447
886,-0.71924750085581,-0.579183467729543,1.743,8.11323777478401,"#D7E6F4",448
1071,0.0170971799739916,-0.612344391140663,1.6,8.11447278112807,"#DAF0D5",449
480,1.46562570638664,-0.484802378020974,2.15,8.12027303021032,"#DBF1D5",450
1298,1.3908270784871,-0.499411735887411,2.087,8.12149962155601,"#DBF1D5",451
719,2.23535444870381,-0.311345240178197,2.898,8.12692427737541,"#DBF1D6",452
950,1.36574881499917,-0.514484882892465,2.022,8.1321011678588,"#DCF1D6",453
391,2.2435116393415,-0.322708074074315,2.849,8.14009387448322,"#DCF1D7",454
425,2.14209078127341,-0.354477630069583,2.712,8.1433732596131,"#DCF1D7",455
961,0.867823469640518,-0.5970393495663,1.666,8.14551065837303,"#DDF1D7",456
763,0.753330425029597,-0.610025445447577,1.61,8.14703960644674,"#DDF2D8",457
372,1.59637740252406,-0.48851269112991,2.134,8.14852611493947,"#DDF2D8",458
1244,0.674795078675797,-0.627185643576408,1.536,8.157254575303,"#DEF2D8",459
947,-0.596088099367271,-0.636925215487366,1.494,8.1608346029032,"#D8E7F5",460
834,-0.511093197897545,-0.646200998259707,1.454,8.16432450011041,"#D9E7F5",461
842,2.21579665571337,-0.356796575762668,2.702,8.16530301513622,"#DEF2D9",462
712,2.73131259353886,-0.193542798969466,3.406,8.16597491457164,"#DEF2D9",463
318,3.10432956067956,-0.0525509008298831,4.014,8.1676048545899,"#DFF2D9",464
209,0.510364891909369,-0.649679416799335,1.439,8.16775055833438,"#DFF2DA",465
37,0.453018997094299,-0.654317308185506,1.419,8.16899864202376,"#DFF2DA",466
964,0.346349083163059,-0.65988277784891,1.395,8.16933840437631,"#E0F3DA",467
606,2.53821745971654,-0.265893904593726,3.094,8.17217464380249,"#E0F3DB",468
114,0.319054111153402,-0.676115397700507,1.325,8.18444697984322,"#E0F3DB",469
43,0.78268823138454,-0.649911311368644,1.438,8.18950905080201,"#E1F3DC",470
692,2.81318485821915,-0.18983248586053,3.422,8.19023772969972,"#E1F3DC",471
1052,-0.2673381926464,-0.685391180472848,1.285,8.19186495744,"#DAE8F5",472
928,-0.490754578709644,-0.676579186839124,1.323,8.19339996925707,"#DBE9F6",473
549,-0.107722129067913,-0.692348017552104,1.255,8.19516640802476,"#DCEAF6",474
540,0.552828069306575,-0.675187819423273,1.329,8.19596392656066,"#E2F3DC",475
150,0.925769255643546,-0.643882052566622,1.464,8.19842920291598,"#E2F3DD",476
485,1.95397826307364,-0.463004288505972,2.244,8.20128543002849,"#E2F4DD",477
771,-0.00905724631782068,-0.708812531973009,1.184,8.21092790547609,"#DDEAF6",478
1149,0.186749508493595,-0.709972004819552,1.179,8.21420552718481,"#E3F4DD",479
894,-0.229424253599889,-0.715073685344339,1.157,8.22038620873234,"#DEEBF7",480
969,-0.428456874360833,-0.715073685344339,1.157,8.22834668847661,"#DEEBF7",481
873,-0.871575713996162,-0.68191276193322,1.3,8.23030248422743,"#DFEBF7",482
1147,0.766685884705711,-0.693275595829338,1.251,8.23116993552787,"#E3F4DE",483
156,2.28113502655737,-0.413610745243257,2.457,8.2378527488649,"#E3F4DE",484
364,0.532915558519433,-0.720407260438435,1.134,8.2397691295716,"#E4F4DE",485
1073,0.348169190983149,-0.734320934596947,1.074,8.24378690617231,"#E4F4DF",486
1204,1.38125948041821,-0.626258065299174,1.54,8.24489243737876,"#E4F4DF",487
676,1.53203265612099,-0.601213451813853,1.648,8.24687705449302,"#E5F5E0",488
31,0.77807841421339,-0.708116848265083,1.187,8.24701383091265,"#E5F5E0",489
568,0.866641174213018,-0.699304854631359,1.225,8.24707698185076,"#E5F5E0",490
635,0.900347183225702,-0.699072960062051,1.226,8.25045654473391,"#E5F5E0",491
1126,1.11998759056923,-0.673796452007422,1.335,8.25226179284681,"#E5F5E0",492
898,2.08747711510557,-0.48225153775858,2.161,8.25273263286496,"#E5F5E0",493
967,-0.772638960197944,-0.716233158190882,1.152,8.25458305690622,"#DFECF7",494
589,2.31838279377727,-0.422886528015598,2.417,8.25714688863385,"#E5F5E0",495
1035,2.17463690506452,-0.4664827070456,2.229,8.25999524367603,"#E5F5E0",496
623,1.66283782926853,-0.594024720165289,1.679,8.26513358487703,"#E5F5E0",497
1162,-0.513557368841618,-0.747538925047533,1.017,8.26561883926834,"#E0ECF7",498
1295,0.834598122560159,-0.722958100700829,1.123,8.26730339997253,"#E5F5E0",499
797,0.0839769118307103,-0.766554279730832,0.935,8.26909108339211,"#E5F5E1",500
708,1.97687130070436,-0.527470978773742,1.966,8.26935287106888,"#E5F5E1",501
608,2.09577183561793,-0.497556579332943,2.095,8.26963911043679,"#E6F5E1",502
155,2.32930721685302,-0.436104518466184,2.36,8.27290323010008,"#E6F5E1",503
312,3.11932221208597,-0.16154134840489,3.544,8.27416031075203,"#E6F5E1",504
122,1.96996675969589,-0.541848442070871,1.904,8.28166906697941,"#E6F5E1",505
774,0.614370072056392,-0.757510391527799,0.974,8.28243839962357,"#E6F5E1",506
958,1.43919469812042,-0.655476781032048,1.414,8.28356865354462,"#E6F5E1",507
959,1.26260470950213,-0.689101493581784,1.269,8.28795044503107,"#E6F5E1",508
1329,1.3737604682975,-0.672636979160879,1.34,8.28937344914281,"#E6F5E1",509
981,-0.444588788437248,-0.780236059320035,0.876,8.29427041398472,"#E0ECF7",510
1051,-0.397131074532479,-0.785337739844822,0.854,8.29695783995799,"#E1EDF8",511
1324,1.77631269106663,-0.607706499754492,1.62,8.30207302839662,"#E6F5E1",512
742,0.390282017647083,-0.791598893216153,0.827,8.30288705996101,"#E6F5E2",513
1141,1.30546817300736,-0.698145381784817,1.23,8.30351983669049,"#E6F5E2",514
1160,-0.596318509997445,-0.783018794151737,0.864,8.30656133224309,"#E1EDF8",515
1042,0.778767958273885,-0.770496487409077,0.918,8.30918190221851,"#E6F5E2",516
877,0.036517616251855,-0.807831513067749,0.757,8.31002212818566,"#E7F5E2",517
740,1.0151610031417,-0.747307030478224,1.018,8.31164480974173,"#E7F5E2",518
1148,1.90212450425006,-0.58915493420981,1.7,8.31183806290215,"#E7F5E2",519
727,1.28864503933902,-0.709740110250243,1.18,8.31234590717233,"#E7F5E2",520
759,0.464210785371728,-0.797396257448866,0.802,8.3124786945188,"#E7F5E2",521
963,-0.163501773450633,-0.811309931607377,0.742,8.31502796602817,"#E2EDF8",522
914,2.53339330210744,-0.421263266030438,2.424,8.31852940895896,"#E7F5E2",523
746,0.614567543368918,-0.794149733478546,0.816,8.31899183221054,"#E7F5E2",524
636,1.57351103138127,-0.668694771482634,1.357,8.32093707213182,"#E7F6E3",525
1079,-0.672809072701977,-0.791830787785461,0.826,8.32118573951654,"#E2EEF8",526
1022,1.39607102572791,-0.702087589463062,1.213,8.32213185427244,"#E7F6E3",527
45,0.567637583536293,-0.80133846512711,0.785,8.32282855274494,"#E7F6E3",528
1017,2.21615585929985,-0.522601192818263,1.987,8.32510315787082,"#E7F6E3",529
1193,0.182731498951781,-0.822672765503495,0.693,8.32678840783096,"#E7F6E3",530
1045,-0.537080600522318,-0.807599618498441,0.758,8.32704844462186,"#E3EEF8",531
869,-0.560945374495886,-0.806208251082589,0.764,8.32723352364065,"#E3EEF8",532
1359,-0.113841280794217,-0.824759816627271,0.684,8.32764835215226,"#E4EFF9",533
461,1.70507297609345,-0.649911311368644,1.438,8.32842911234912,"#E8F6E3",534
643,0.233745523673775,-0.823136554642112,0.691,8.32852768867484,"#E8F6E3",535
526,-0.406766584865772,-0.823600343780729,0.689,8.33564143177099,"#E4EFF9",536
559,1.5834104582092,-0.683072234779763,1.295,8.33693007559789,"#E8F6E3",537
1267,0.761988990404481,-0.800178992280568,0.79,8.33718393770257,"#E8F6E3",538
528,0.955821893305231,-0.781859321305194,0.869,8.33892975581631,"#E8F6E3",539
849,0.137589783022805,-0.837977807077858,0.627,8.34122304491312,"#E8F6E4",540
1220,0.370355252666726,-0.832412337414453,0.651,8.34274726386089,"#E8F6E4",541
1475,0.828589449176849,-0.800410886849876,0.789,8.34376532689445,"#E8F6E4",542
982,-0.0692788207625854,-0.842615698464028,0.607,8.34501365175325,"#E5EFF9",543
915,-0.42122387549721,-0.83287612655307,0.649,8.34562337911865,"#E5F0F9",544
1207,1.37190116036928,-0.734320934596947,1.074,8.34990500321116,"#E8F6E4",545
835,-0.281367111012369,-0.843079487602645,0.605,8.34993181683777,"#E6F0F9",546
1002,-0.744091077074625,-0.814788350147005,0.727,8.35011832173369,"#E6F0F9",547
310,3.03679170139976,-0.276561054781918,3.048,8.35043909614783,"#E8F6E4",548
354,1.0666977175082,-0.780236059320035,0.876,8.35075484791856,"#E8F6E4",549
1091,-0.117677709078452,-0.849572535543284,0.577,8.35251192955205,"#E7F0F9",550
1090,-0.401922059865301,-0.842383803894719,0.608,8.35416809117486,"#E7F1FA",551
956,2.27550009660103,-0.536282972407466,1.928,8.3542604907416,"#E8F6E4",552
1270,0.957245147058745,-0.797860046587483,0.8,8.35498817008787,"#E9F6E4",553
489,1.42630922402134,-0.730378726918702,1.091,8.35513224711814,"#E9F6E4",554
1452,0.341640214674668,-0.848181168127432,0.583,8.35727748392588,"#E9F6E4",555
1172,-0.360223919400766,-0.852355270374986,0.565,8.36222802509662,"#E8F1FA",556
373,0.828995960975731,-0.82035381981041,0.703,8.36365019766302,"#E9F6E5",557
378,3.22696814567609,-0.214181415637925,3.317,8.36387962965546,"#E9F6E5",558
410,2.14590824665551,-0.585676515670182,1.715,8.36762923665702,"#E9F6E5",559
309,2.97205373190738,-0.323635652351549,2.845,8.37110532238865,"#E9F6E5",560
985,-0.269839519436521,-0.870211152211742,0.488,8.37666885899315,"#E8F1FA",561
939,2.01732799072242,-0.628577010992259,1.53,8.3772125221549,"#E9F6E5",562
975,-0.422938628250406,-0.86580515539488,0.507,8.37859698631135,"#E9F2FA",563
1280,1.29422563397919,-0.781859321305194,0.869,8.38446026720659,"#E9F6E5",564
1062,-0.313069380843034,-0.877167989290998,0.458,8.38512482885631,"#E9F2FA",565
647,0.536277733849289,-0.866500839102806,0.504,8.3857765002753,"#E9F6E5",566
789,0.841064195081633,-0.844934644157113,0.597,8.38931162753475,"#E9F6E5",567
508,0.249927936324655,-0.885516193786105,0.422,8.39134932432322,"#E9F6E5",568
529,-0.323650638741738,-0.883429142662328,0.431,8.39178305190734,"#EAF2FA",569
994,-0.0081381010696564,-0.890617874310893,0.4,8.39273219801272,"#EAF3FB",570
1067,0.830965024626295,-0.851195797528443,0.57,8.39453554021893,"#EAF6E5",571
864,0.233906480796974,-0.890385979741584,0.401,8.39575531790902,"#EAF7E6",572
1144,0.771682199518167,-0.859080212884933,0.536,8.39672564252771,"#EAF7E6",573
605,2.74288104009814,-0.434017467342407,2.369,8.39675661070319,"#EAF7E6",574
618,0.98824708611878,-0.838905385355092,0.623,8.39935570561711,"#EAF7E6",575
1078,0.106291342588448,-0.898038500528765,0.368,8.40082133083973,"#EAF7E6",576
1130,0.806238707717223,-0.863718104271104,0.516,8.4045884521687,"#EAF7E6",577
1206,0.794701845764135,-0.866964628241423,0.502,8.40672156583552,"#EAF7E6",578
1145,0.505255360872966,-0.892241136296052,0.393,8.40954340775935,"#EAF7E6",579
1048,-0.173949043777763,-0.907314283301107,0.328,8.411223537968,"#EBF3FB",580
463,2.41421804868478,-0.556225905368,1.842,8.41220734671373,"#EAF7E6",581
475,1.9190743889244,-0.690260966428327,1.264,8.41414254436705,"#EAF7E6",582
61,-0.0848205673150573,-0.912647858395202,0.305,8.4151857203129,"#EBF3FB",583
1049,-0.106621294156586,-0.915430593226905,0.293,8.41821620679758,"#ECF4FB",584
1279,1.02890954782128,-0.853050954082912,0.562,8.41827629295075,"#EBF7E7",585
1451,0.425650601033558,-0.905459126746638,0.336,8.41833733067534,"#EBF7E7",586
1156,-0.115400635158064,-0.917285749781373,0.285,8.42018696139423,"#ECF4FB",587
1411,0.873650969708978,-0.873921465320679,0.472,8.42147109826573,"#EBF7E7",588
1392,0.73790507065692,-0.89108166344951,0.398,8.42556683788608,"#EBF7E7",589
566,0.957226007591187,-0.872530097904828,0.478,8.42916868570096,"#EBF7E7",590
264,-0.117145865529193,-0.926329637984405,0.246,8.42925407486322,"#EDF4FB",591
1292,1.83727703454635,-0.725740835532531,1.111,8.43048767838487,"#EBF7E7",592
1427,0.0997639078616286,-0.928648583677491,0.236,8.43134921047385,"#EBF7E7",593
1133,-0.0180113830647126,-0.929808056524033,0.231,8.43193767162253,"#EDF5FC",594
158,1.66868874442011,-0.764235334037747,0.945,8.4330892061205,"#EBF7E7",595
741,0.35148309382836,-0.925865848845788,0.248,8.43530222619589,"#EBF7E7",596
325,1.34546017795276,-0.825687394904506,0.68,8.43578560885526,"#EBF7E7",597
1060,-0.213658623930822,-0.934677842479512,0.21,8.43949320081153,"#EEF5FC",598
979,-0.167619857020135,-0.936532999033981,0.202,8.44030796019727,"#EEF5FC",599
401,0.775633656443417,-0.902676391914936,0.348,8.4405004720384,"#EBF7E7",600
1009,-0.230268105448767,-0.936301104464672,0.203,8.4415526859412,"#EFF5FC",601
735,2.23574520610286,-0.639012266611143,1.485,8.44253721003901,"#EBF7E8",602
600,2.48244983102405,-0.567588739264117,1.793,8.44290240429149,"#ECF7E8",603
1297,1.63407427817234,-0.781627426735886,0.87,8.44337081774249,"#ECF7E8",604
1247,1.31625407161301,-0.839369174493709,0.621,8.44469098945787,"#ECF7E8",605
80,1.57011572367824,-0.796236784602323,0.807,8.44558044296099,"#ECF7E8",606
1387,1.11199362031291,-0.869979257642434,0.489,8.44561511558376,"#ECF7E8",607
161,2.62873857309761,-0.523992560234115,1.981,8.44562578276346,"#ECF7E8",608
983,-0.350027353861921,-0.936996788172598,0.2,8.44636305828372,"#EFF6FC",609
1178,2.21308392611958,-0.649215627660718,1.441,8.44641084226269,"#ECF7E8",610
1064,-0.238476100714458,-0.942562257836002,0.176,8.44803922687348,"#F0F6FC",611
1218,0.512161705891969,-0.934445947910204,0.211,8.45208804112804,"#ECF7E8",612
1342,0.785261796893675,-0.913575436672437,0.301,8.45224253217318,"#ECF7E8",613
1429,0.616287418102586,-0.929344267385416,0.233,8.45394804932251,"#ECF8E9",614
415,2.41256475759166,-0.601445346383162,1.647,8.45506263072189,"#ECF8E9",615
667,1.11922740623032,-0.881805880677169,0.438,8.45829307964081,"#ECF8E9",616
626,-0.123150929468113,-0.957867299410365,0.11,8.46087397704619,"#F0F6FC",617
1393,0.716627199109879,-0.930735634801267,0.227,8.4632408934086,"#EDF8E9",618
13,-0.371922045472092,-0.954388880870737,0.125,8.46467398810702,"#F1F7FD",619
367,1.80319428724659,-0.768873225423917,0.925,8.46526310325757,"#EDF8E9",620
1153,-1.28373214091823,-0.866964628241423,0.502,8.46695840732961,"#F1F7FD",621
703,2.00093471441544,-0.725277046393914,1.113,8.46720990433843,"#EDF8E9",622
1127,1.19512220341619,-0.880646407830626,0.443,8.46752197595133,"#EDF8E9",623
282,0.478514678808988,-0.956244037425205,0.117,8.47187911366335,"#EDF8E9",624
726,1.89168054732236,-0.756350918681257,0.979,8.47234550072206,"#EDF8E9",625
634,1.65217680390653,-0.807599618498441,0.758,8.47236498381584,"#EDF8E9",626
856,0.128020636488646,-0.973636130123345,0.042,8.47671328729964,"#EDF8EA",627
278,-0.010900715523281,-0.975723181247121,0.033,8.47784056736421,"#F2F7FD",628
666,0.504538215361798,-0.961577612519301,0.094,8.47871294556956,"#EDF8EA",629
289,-0.0247902967208755,-0.977114548662972,0.027,8.47926116578002,"#F2F8FD",630
212,0.0624733009979943,-0.979897283494675,0.015,8.48223772861522,"#EDF8EA",631
208,0.438524439042139,-0.968998238737174,0.062,8.48245158441504,"#EDF8EA",632
624,-0.0209311808654382,-0.980361072633292,0.013,8.48249727538376,"#F3F8FD",633
1345,0.625144969635846,-0.957635404841056,0.111,8.48281232523182,"#EDF8EA",634
743,1.34485438811622,-0.873457676182062,0.474,8.48285173495329,"#EEF8EA",635
1195,3.22893645871009,-0.343114796173465,2.761,8.48372493009364,"#EEF8EA",636
1020,2.34617957328786,-0.652462151631037,1.427,8.48537634597371,"#EEF8EA",637
648,0.756285945645294,-0.949519094915258,0.146,8.48539976552523,"#EEF8EA",638
990,-0.516546683717212,-0.967606871321323,0.068,8.48545406926815,"#F3F8FD",639
976,-0.672491522435239,-0.956707826563822,0.115,8.48550825038514,"#F4F9FE",640
653,0.103277399863553,-0.982911912895686,0.002,8.48565080003127,"#EEF8EA",641
1082,0.278983910294957,-0.981288650910526,0.009,8.4879851029367,"#EEF8EB",642
1135,0.604037776604118,-0.965519820197546,0.077,8.4891473547548,"#EEF8EB",643
216,0.327768096763216,-0.981752440049143,0.007,8.49019200268665,"#EEF8EB",644
644,0.319311300037559,-0.983143807464994,0.001,8.49126011261197,"#EEF8EB",645
1219,2.44944670042376,-0.629736483838802,1.525,8.49274528784972,"#EEF8EB",646
1473,0.403413384482442,-0.981984334618451,0.006,8.4936803244066,"#EEF8EB",647
646,0.833313325452606,-0.951606146039035,0.137,8.49468858575364,"#EEF8EB",648
1278,1.19734695235293,-0.908241861578341,0.324,8.49515535583817,"#EFF8EB",649
1432,1.16888665181783,-0.912879752964511,0.304,8.49578453768489,"#EFF8EB",650
1008,-0.489972719612591,-0.9805929672026,0.012,8.49684231408513,"#F4F9FE",651
1396,0.478095130979316,-0.98221622918776,0.005,8.49778635489574,"#EFF8EB",652
124,0.9485458342633,-0.943721730682545,0.171,8.49893047444767,"#EFF9EC",653
997,-0.532550092027861,-0.981752440049143,0.007,8.5005610354698,"#F5F9FE",654
777,0.58054606698732,-0.979201599786749,0.018,8.5011579565489,"#EFF9EC",655
1217,1.53032992955484,-0.860239685731476,0.531,8.50122392855334,"#EFF9EC",656
1356,0.565940577838084,-0.981056756341217,0.01,8.50202407480492,"#EFF9EC",657
1154,-0.591700477226616,-0.980361072633292,0.013,8.50308363873428,"#F5FAFE",658
341,1.26494420883025,-0.906618599593181,0.331,8.50334092411946,"#EFF9EC",659
1423,0.605790683887991,-0.981752440049143,0.007,8.50546357760199,"#EFF9EC",660
1005,-0.615603768139933,-0.982911912895686,0.002,8.5073245664014,"#F6FAFE",661
1011,-0.644756882614566,-0.981288650910526,0.009,8.50786521538456,"#F6FAFE",662
1263,1.27374382479446,-0.911024596410043,0.312,8.50901071985344,"#EFF9EC",663
1459,0.919630620151278,-0.957867299410365,0.11,8.50981449748162,"#EFF9EC",664
223,0.677702665038719,-0.981288650910526,0.009,8.51042537054831,"#EFF9EC",665
1192,1.51443280380873,-0.872993887043445,0.476,8.51092698648803,"#F0F9EC",666
1139,1.73689462440675,-0.829861497152059,0.662,8.51108443539003,"#F0F9ED",667
83,1.70193262768111,-0.838673490785783,0.624,8.51265236084999,"#F0F9ED",668
645,0.780708709299761,-0.978042126940207,0.023,8.51601389134443,"#F0F9ED",669
466,2.61767772482835,-0.601909135521779,1.645,8.51630019129655,"#F0F9ED",670
718,1.83449054826638,-0.815252139285622,0.725,8.51726921127564,"#F0F9ED",671
495,1.7376648145116,-0.837282123369932,0.63,8.51850610736523,"#F0F9ED",672
1251,2.32615399106639,-0.692811806690721,1.253,8.51867020167951,"#F0F9ED",673
572,0.782170098911721,-0.981752440049143,0.007,8.51984262653132,"#F0F9ED",674
784,0.783051184078025,-0.983143807464994,0.001,8.5213090397303,"#F0F9ED",675
153,2.77128915521151,-0.556225905368,1.842,8.5215507531964,"#F0F9ED",676
1158,-0.815993851034402,-0.981984334618451,0.006,8.52324521877425,"#F7FBFF",677
640,1.38716505704997,-0.91311164753382,0.303,8.52878588289492,"#F1F9EE",678
1365,1.08875672995275,-0.957867299410365,0.11,8.52974873727509,"#F1F9EE",679
1136,1.19673012704268,-0.943953625251853,0.17,8.53042555478578,"#F1F9EE",680
1341,0.89822794065094,-0.981520545479834,0.008,8.53104958847041,"#F1F9EE",681
1437,0.936181541801697,-0.982448123757069,0.004,8.53605112746523,"#F1F9EE",682
1331,1.0248358775336,-0.972244762707493,0.048,8.53609885301626,"#F1F9EE",683
1021,1.95368406447093,-0.814324561008388,0.729,8.54283158678926,"#F1F9EE",684
1209,1.68163190590151,-0.874849043597913,0.468,8.54408187108327,"#F1F9EE",685
545,1.04381157749692,-0.979201599786749,0.018,8.54530253856567,"#F1F9EE",686
711,1.42295083676697,-0.925170165137863,0.251,8.54656927885956,"#F1F9EE",687
186,1.13023773870158,-0.973636130123345,0.042,8.55077284329905,"#F1F9EE",688
744,1.06261300349269,-0.982680018326377,0.003,8.55107095436216,"#F1FAEF",689
1276,1.38287479898067,-0.942794152405311,0.175,8.55738016212087,"#F2FAEF",690
1274,1.2031596394219,-0.971780973568876,0.05,8.55888005278012,"#F2FAEF",691
655,1.15151149963902,-0.979201599786749,0.018,8.55912563291959,"#F2FAEF",692
899,2.46058726595536,-0.699072960062051,1.226,8.56235352222634,"#F2FAEF",693
790,1.42052589643847,-0.944185519821162,0.169,8.56491729193849,"#F2FAEF",694
1109,1.24049303577619,-0.973172340984728,0.044,8.56558463505443,"#F2FAEF",695
1271,1.79670521856381,-0.873921465320679,0.472,8.56656635324014,"#F2FAEF",696
471,1.70676246911404,-0.901053129929776,0.355,8.57474169107817,"#F2FAEF",697
575,1.26468465696822,-0.980824861771909,0.011,8.57669036199201,"#F2FAEF",698
421,2.06936423659348,-0.835890755954081,0.636,8.59095636441213,"#F2FAF0",699
1248,1.87110665621399,-0.882965353523711,0.433,8.59130578806549,"#F2FAF0",700
613,2.25798981069464,-0.790207525800301,0.833,8.59424541216971,"#F2FAF0",701
1269,1.38198148892955,-0.982448123757069,0.004,8.59637166525704,"#F3FAF0",702
1124,1.45466219893487,-0.974795602969887,0.037,8.60081258515516,"#F3FAF0",703
1012,2.08731293576336,-0.85165958666706,0.568,8.61059509651357,"#F3FAF0",704
1146,1.84370688659757,-0.925402059707171,0.25,8.6268314561684,"#F3FAF0",705
151,2.26580760824442,-0.823832238350037,0.688,8.62874293104455,"#F3FAF0",706
361,2.14714163147907,-0.862326736855253,0.522,8.63562536448437,"#F3FAF0",707
1077,1.60741369226341,-0.982911912895686,0.002,8.63593550559664,"#F3FAF0",708
1094,1.66770641332878,-0.971549078999568,0.051,8.63621151176868,"#F3FAF1",709
1336,1.62447177416291,-0.981984334618451,0.006,8.63821576712947,"#F3FAF1",710
1026,1.8425330676124,-0.944881203529087,0.166,8.64561130779152,"#F3FAF1",711
1266,1.69928772386721,-0.979433494356058,0.017,8.65009625547241,"#F3FAF1",712
176,1.69600853433421,-0.983143807464994,0.001,8.65309098196926,"#F3FAF1",713
360,1.80293986926165,-0.962041401657918,0.092,8.65404284268383,"#F4FAF1",714
1415,1.8920039044932,-0.947432043791481,0.155,8.65877854630872,"#F4FAF1",715
170,2.20604774881843,-0.885979982924722,0.42,8.67333307182638,"#F4FAF1",716
957,1.92067764056557,-0.957867299410365,0.11,8.67526512004083,"#F4FAF1",717
414,1.92861005589105,-0.956707826563822,0.115,8.6758943151292,"#F4FAF1",718
314,1.90572999846836,-0.962041401657918,0.092,8.67604012080951,"#F4FBF2",719
467,3.02741965076071,-0.635533848071515,1.5,8.68254129236409,"#F4FBF2",720
670,2.60293466946943,-0.784410161567588,0.858,8.68571767604224,"#F4FBF2",721
1122,1.88692965601721,-0.981752440049143,0.007,8.69116976269511,"#F4FBF2",722
602,1.90138572367434,-0.980129178063983,0.014,8.69273579251093,"#F4FBF2",723
1281,1.91941030562496,-0.977810232370898,0.024,8.69443439685892,"#F4FBF2",724
791,1.91224253910847,-0.979433494356058,0.017,8.69443833659357,"#F4FBF2",725
111,3.21636943574705,-0.577792100313692,1.749,8.69654278480454,"#F5FBF2",726
619,1.9298135751903,-0.979665388925366,0.016,8.6985458898107,"#F5FBF2",727
1397,1.95650963450509,-0.973636130123345,0.042,8.69863258343669,"#F5FBF2",728
1260,1.92361141300118,-0.982680018326377,0.003,8.70011200730041,"#F5FBF3",729
350,1.95185057163597,-0.977114548662972,0.027,8.70097557821473,"#F5FBF3",730
1428,1.9603950555226,-0.982911912895686,0.002,8.70854477237536,"#F5FBF3",731
1024,2.10586510696597,-0.950446673192492,0.142,8.71093499884749,"#F5FBF3",732
844,2.07165529158312,-0.96644739847478,0.073,8.71826969429052,"#F5FBF3",733
1337,2.1547486820373,-0.953461302593503,0.129,8.72580279000977,"#F5FBF3",734
734,2.23416347692475,-0.934909737048821,0.209,8.72781730245914,"#F5FBF3",735
408,2.34063859815814,-0.914039225811054,0.299,8.73556885398166,"#F5FBF3",736
1038,2.26120449068103,-0.935837315326055,0.205,8.73567438871922,"#F5FBF3",737
409,2.1488497370017,-0.982680018326377,0.003,8.75266949356347,"#F6FBF3",738
1333,2.45914972074593,-0.916590066073448,0.288,8.77051506570884,"#F6FBF4",739
668,2.3120256248494,-0.979665388925366,0.016,8.79124465887021,"#F6FBF4",740
584,2.38415603012669,-0.964360347351004,0.082,8.79575616538813,"#F6FBF4",741
677,2.99678516358438,-0.773511116810087,0.905,8.80151307695166,"#F6FBF4",742
683,2.853470674076,-0.832412337414453,0.651,8.80945876789785,"#F6FBF4",743
295,2.67029192923692,-0.894791976558446,0.382,8.8112671132517,"#F6FBF4",744
292,2.6416397690354,-0.934677842479512,0.21,8.8406818825424,"#F6FBF4",745
337,2.63592190238758,-0.980361072633292,0.013,8.8825900607901,"#F6FBF4",746
1328,3.29421901876393,-0.775598167933864,0.896,8.90911542840936,"#F6FBF4",747
1327,2.89248968153577,-0.975723181247121,0.033,8.95768711319156,"#F6FBF4",748
1325,3.30483275260345,-0.900357446221851,0.358,9.02903012850766,"#F7FCF5",749
