"ID","delta_Z","benefit.stan","benefit","score","cols"
296,0.682602850273842,7.50211037810324,36592,0.682602850273842,"#00441B"
15,-1.13172862330627,5.22560139120145,26775,2.54230266574523,"#08306B"
491,-0.566456380079699,4.02763404615361,21609,3.52034921730944,"#08316C"
937,-1.80805291683802,4.42788407278013,23335,3.56650006679196,"#08326E"
319,1.51553903995767,3.90704887011318,21089,3.90145175900813,"#00461C"
497,0.350712666365564,3.42980984647624,19031,4.08737458452719,"#00481D"
462,0.298305149971956,3.3145582455299,18534,4.19816374448632,"#004B1E"
588,0.635170491711328,3.19049465094984,17999,4.35815003552854,"#004D1F"
77,-0.184270678992867,3.0724603151718,17490,4.43348117884412,"#08336F"
68,-0.594531678709564,3.05530011704297,17416,4.48637820684571,"#083471"
328,-0.204059786502473,2.98248522228009,17102,4.5242294311426,"#083572"
26,-0.880073241278372,2.93749767583424,16908,4.64867917066018,"#083674"
399,1.05531166330551,2.96973102096812,17047,4.65361637263894,"#005020"
1242,-0.198450055994333,2.76450432713008,16162,4.74176059274841,"#083775"
96,-0.462710954076325,2.6290778986539,15578,4.89495117164517,"#083877"
159,-0.511077703786398,2.63046926606975,15584,4.89837601085937,"#083979"
273,-1.21570954159359,2.61099012224784,15500,5.0399411749306,"#083A7A"
63,-0.39352863192698,2.47602748291027,14918,5.04146546685561,"#083B7C"
95,0.320380373686816,2.37561713439968,14485,5.13649457914461,"#005221"
474,0.199992604168803,2.34500705125096,14353,5.16097972923293,"#005422"
397,0.860645437298852,2.30164276679026,14166,5.27120232442834,"#005723"
25,-0.549305561204274,2.24366912446313,13916,5.28705409633324,"#083C7D"
724,0.640944688238098,2.23277007970563,13869,5.30817833853552,"#005924"
374,-1.15614979512828,2.32042622690425,14247,5.30909907531984,"#083D7F"
119,-0.317946951006382,2.18894200610632,13680,5.32267305146979,"#083E80"
329,0.551873917004234,2.19566694861627,13709,5.33506388814746,"#005C25"
74,-0.254220224341038,2.13792520085844,13460,5.37020581898281,"#083F82"
932,-2.30188615766145,2.62049779958948,15541,5.3971123065522,"#084084"
86,-0.817548076111354,2.11357627108105,13355,5.45020042560775,"#084185"
102,-1.31998427839276,2.20795736078962,13762,5.45622714574229,"#084287"
152,0.835437666347065,2.06093620384801,13128,5.50493710126951,"#005E26"
385,0.208989683528173,1.95356901825817,12665,5.55247583603321,"#006127"
58,-0.940240905596869,2.02383307275865,12968,5.55837882793277,"#084488"
302,0.4075195447995,1.95217765084232,12659,5.56487425343246,"#006328"
587,0.834581087741795,1.99322298960992,12836,5.57174710940088,"#006529"
487,0.727421493316957,1.93107524503524,12568,5.61832488227741,"#00682A"
482,0.447684989833379,1.89258074653002,12402,5.62736568365875,"#006A2B"
506,-1.84372235616014,2.17920243419536,13638,5.63317504662534,"#08458A"
1241,0.515870948900236,1.8837687528963,12364,5.64197531485669,"#006D2C"
163,0.0644961249283849,1.81907016805922,12085,5.68340617755831,"#026E2D"
389,0.715108430664848,1.85965171768821,12260,5.68759349831724,"#04702E"
398,0.450106353576437,1.79843155139076,11996,5.72141135453641,"#057230"
71,-0.568292390237914,1.79193850345012,11968,5.73838122460349,"#08468B"
386,0.267785925222093,1.76457494427172,11850,5.74378117238282,"#077331"
1189,-2.09139069233941,2.09711175666014,13284,5.7955090480307,"#08478D"
1205,0.233620974195166,1.7014996214198,11578,5.80531342049123,"#097532"
327,0.132995731856803,1.66833869800868,11435,5.83528747193876,"#0B7734"
330,0.28370594071702,1.67042574913246,11444,5.83858156340838,"#0D7835"
143,-0.0613671203444117,1.65813533695911,11391,5.84429723790423,"#08488E"
106,0.443545189440274,1.66532406860767,11422,5.85361484535757,"#0F7A37"
91,-0.470103173130742,1.61477105249841,11204,5.90607833745886,"#084990"
1317,-0.0585926517922246,1.5737257137308,11027,5.92867420488008,"#084A92"
332,1.51588573947382,1.76758957367273,11863,5.93149546333692,"#117B38"
139,-0.292572572298414,1.54357941972069,10897,5.96570950449857,"#084B93"
44,-1.0281519010716,1.61036505568155,11185,5.980782496961,"#084C95"
352,0.52022621457568,1.53082521840873,10842,5.99390371733812,"#137D39"
65,-0.343124505931481,1.50647628863133,10737,6.00544440998403,"#084D96"
418,1.46154724425349,1.65164228901847,11363,6.03026510267868,"#157F3B"
81,-0.489843376424226,1.48583767196287,10648,6.03618122723931,"#084E98"
595,0.63737381558983,1.4946496655966,10686,6.04117783160788,"#17803C"
503,-0.539729630772575,1.44711127888835,10481,6.07900667591565,"#084F99"
75,-0.781818039146535,1.45198106484383,10502,6.10043475118748,"#08509B"
347,0.97235788121083,1.47331536522021,10594,6.10670526196542,"#19823D"
167,0.160807457593312,1.36826712532345,10141,6.13595078924936,"#1B843F"
137,-0.313732087582238,1.36803523075414,10140,6.14209294427434,"#08519C"
271,-1.67709512040871,1.55865256672575,10962,6.17554360348325,"#09529D"
381,-1.73236489555574,1.54659404912171,10910,6.20235946040856,"#09539D"
1239,-0.233987281041374,1.2961479142685,9830,6.21037198163,"#0A549E"
196,0.258199687639432,1.27156708992179,9724,6.23589101449023,"#1D8540"
1231,-1.37145018428645,1.39122468768499,10240,6.26289066879966,"#0B559F"
501,-0.434991681967746,1.24582679272855,9613,6.2713875708658,"#0C56A0"
880,-1.34987174057771,1.36989038730861,10148,6.27903461779848,"#0C57A0"
913,-2.02836924019669,1.55749309387921,10957,6.28114292390098,"#0D58A1"
333,0.451118871524729,1.23052175115419,9547,6.28779231065424,"#1E8742"
615,-0.694331579040859,1.25046468411472,9633,6.29008507293969,"#0E59A2"
110,0.737506118812618,1.23376827512451,9561,6.31157888291527,"#208943"
853,-1.92616302111005,1.49070745791835,10669,6.31245348915137,"#0F5AA3"
612,0.265157783088978,1.19504188204998,9394,6.31263983321084,"#228A44"
162,-1.24452532284846,1.30032201651605,9848,6.32542663866473,"#0F5BA3"
76,0.0532290088411046,1.17556273822807,9310,6.32677155957068,"#248C46"
912,-2.77637193982081,1.7965763948363,11988,6.34518393606036,"#105CA4"
49,-1.18299348888527,1.25579825920882,9656,6.3573491866809,"#115DA5"
120,0.755046897376815,1.1873893612628,9361,6.35970104153999,"#258E47"
266,-1.40364450515801,1.28316181838722,9774,6.37538540680125,"#125EA6"
1319,-0.574897298558999,1.14750349534173,9189,6.38055918696241,"#125EA6"
934,-2.33727302742158,1.54960867852272,10923,6.39492937320042,"#135FA7"
630,-0.244343571380724,1.09602290095524,8967,6.41074570902228,"#1460A8"
72,-0.323223451004814,1.07909459739572,8894,6.43114337567569,"#1561A9"
51,-1.71202724899524,1.29058244460509,9806,6.44314492852132,"#1562A9"
1225,-0.716291400436784,1.09509532267801,8963,6.44693068760518,"#1663AA"
382,0.202897848484525,1.05590514046487,8794,6.44939760773641,"#278F48"
930,-2.65062247039347,1.61477105249841,11204,6.45651328623801,"#1764AB"
144,0.0501035618326443,1.02019337679135,8640,6.48211064228346,"#289149"
902,-2.0953404271972,1.35690429142733,10092,6.49261190535563,"#1865AC"
100,0.571488956528936,1.03271568353401,8694,6.4945875420657,"#2A924A"
113,0.122557029919567,1.00303317866252,8566,6.50023266274931,"#2B944C"
686,0.0155858346418756,1.00001854926151,8553,6.50211050882188,"#2D964D"
943,-1.96069885727279,1.29985822737743,9846,6.50478837089215,"#1866AC"
1460,-1.57593991069939,1.18924451781727,9369,6.50660141487854,"#1967AD"
420,0.751882282476301,1.029701054133,8681,6.51593503832863,"#2E974E"
1238,0.0541862027147468,0.964306785587999,8399,6.53802813995702,"#30994F"
34,-1.33379947584393,1.09068932586115,8944,6.54869001792685,"#1A68AE"
1240,-0.330756485357475,0.949001744013636,8333,6.56145049686316,"#1B69AF"
927,-2.36133437650441,1.36919470360068,10145,6.57179995954082,"#1B6AAF"
696,0.846327913856177,0.984017823979224,8484,6.57280773200458,"#329B51"
78,-0.129422837536101,0.923029552251082,8221,6.58035369748249,"#1C6BB0"
1291,-0.184022734562323,0.910507245508421,8167,6.5941713827038,"#1D6CB1"
99,-0.0568324542964083,0.899840095320229,8121,6.60251488561602,"#1E6DB2"
876,0.518952853133896,0.919551133711454,8206,6.60298404281758,"#339C52"
313,1.06409257721649,0.974278252068266,8442,6.6139916297635,"#359E53"
112,0.32833281642967,0.87920147865177,8032,6.63104250693495,"#369F54"
64,-0.388921881139186,0.878273900374536,8028,6.63524452551059,"#1E6EB2"
267,-1.26536521678846,0.97984372173167,8466,6.643877743357,"#1F6FB3"
339,0.0472344356416739,0.837692350745544,7853,6.66458541360831,"#38A155"
358,-1.20441504312098,0.942508696072998,8305,6.66925706679463,"#2070B4"
617,-1.14283855999797,0.918391660864911,8201,6.68217270967554,"#2171B5"
73,-0.0346516919358137,0.813807210106766,7750,6.68839293154834,"#2171B5"
911,-2.48182981735427,1.28362560752584,9776,6.69544860963116,"#2272B5"
838,0.538798059035104,0.818676996062245,7771,6.70511633908018,"#39A357"
125,0.0101959370553447,0.780878181264956,7608,6.7212399303215,"#3BA458"
539,-0.987592066614176,0.852301708611981,7916,6.7227444865085,"#2373B6"
274,-1.10602874018782,0.848823290072353,7901,6.74459254884089,"#2474B6"
846,0.651330531923252,0.786211756359052,7631,6.74740881815834,"#3CA659"
483,0.195938748219454,0.754442200363784,7494,6.75051241239742,"#3EA75A"
691,0.0928113887853642,0.744238839314209,7450,6.75850883617556,"#3FA95B"
906,-2.0429620502072,1.0596154535738,8810,6.75865628591767,"#2575B7"
1468,-0.544243321742554,0.76441366684405,7537,6.75964183712231,"#2676B7"
1232,-0.876465929297829,0.798502168532404,7684,6.76066236049734,"#2777B8"
308,1.05456037422431,0.817749417785011,7767,6.76703620728533,"#41AB5D"
380,1.55988709076752,0.903550408429165,8137,6.78043076871436,"#43AC5E"
126,-0.981815787728302,0.789922069467988,7647,6.78361512260331,"#2878B8"
687,0.930780095676932,0.776935973586711,7591,6.78927995870495,"#45AD5F"
673,0.974235134341014,0.770211031076764,7562,6.80202932333285,"#48AE60"
879,-1.28087101013045,0.820532152616713,7779,6.80324320658084,"#2979B9"
694,0.366793103559715,0.698555609160429,7253,6.81343486611735,"#4AAF61"
299,1.21635031343452,0.78806691291352,7639,6.82333406315777,"#4CB062"
392,0.688854216285108,0.712933072457558,7315,6.82403462907305,"#4FB264"
272,-1.13194472602855,0.766964507106444,7548,6.82960385135105,"#2A7AB9"
355,0.264955450897979,0.670496366274098,7132,6.83675006107294,"#51B365"
693,0.914678155814754,0.725455379200218,7369,6.83810566625597,"#53B466"
1306,0.344777034028679,0.658437848670055,7080,6.8523517782811,"#56B567"
627,-0.906889012078828,0.70783139193277,7293,6.85453679121697,"#2A7ABA"
717,0.107843866633972,0.645219858219469,7023,6.85773854132997,"#58B668"
103,1.02051311360782,0.715020123581335,7324,6.8633840879024,"#5AB769"
1303,-0.780094392723365,0.682554883878141,7184,6.86402829250974,"#2B7BBA"
944,-1.62790103257083,0.82424246572565,7795,6.87342575627376,"#2C7CBB"
478,0.427304279289338,0.639422493986755,6998,6.87597803529783,"#5DB86A"
118,-0.249859592508126,0.612058934808349,6880,6.89458038659485,"#2D7DBB"
82,-0.934226862428142,0.670728260843406,7133,6.89496638588614,"#2E7EBB"
493,-0.939576406272974,0.664467107472076,7106,6.90189606699728,"#2F7FBC"
390,0.185069639533852,0.583535902783401,6757,6.92104930931896,"#5FBA6C"
548,-0.907318977556433,0.633161340615425,6971,6.92861375793448,"#3080BC"
109,-1.59231297488425,0.756065462348943,7501,6.93141995664375,"#3181BD"
138,0.710413767007424,0.60417451945186,6846,6.93442188148531,"#61BB6D"
423,0.526174009753663,0.578666116827922,6736,6.94340979112759,"#64BC6E"
130,-0.128737481735671,0.558723183867389,6650,6.94458055380468,"#3282BD"
1472,-0.743906248745487,0.593971158402285,6802,6.94807771874302,"#3383BE"
97,-0.345786100293473,0.558259394728772,6648,6.95245528618968,"#3383BE"
62,-0.214957011085962,0.551070663080207,6617,6.95436263337213,"#3484BF"
679,-0.233324108799006,0.548056033679197,6604,6.95796751680761,"#3585BF"
714,-0.0620483831550721,0.515822688545312,6465,6.98656322401228,"#3686C0"
1233,0.611441056606237,0.532055308396908,6535,6.99682269608447,"#66BD6F"
695,0.654475736575518,0.535765621505845,6551,6.99702063435132,"#68BE70"
689,0.789824756385844,0.548519822817814,6606,6.9983029911797,"#6BBF71"
843,0.471260374792835,0.516518372253237,6468,7.00146998944118,"#6DC072"
1190,-0.290941239197108,0.501677119817492,6404,7.00647647597413,"#3787C0"
38,-0.951680274369037,0.548519822817814,6606,7.01841270909441,"#3888C1"
88,-0.588546564333724,0.506083116634354,6423,7.02073959790597,"#3989C1"
363,-0.149849868385291,0.481734186856958,6318,7.02197528119209,"#3A8AC2"
121,0.802892273905867,0.523011420193876,6496,7.02513048048144,"#6FC274"
1316,-0.232982504689147,0.473849771500469,6284,7.03212115949488,"#3B8BC2"
502,-0.431141121368956,0.48150229228765,6317,7.03383398731834,"#3C8CC2"
472,0.525841279688573,0.484285027119352,6329,7.03749825636474,"#72C375"
454,1.4294821605585,0.610899461961807,6875,7.03791212918305,"#74C476"
133,0.0324806379690794,0.460631781049883,6227,7.04155350931905,"#76C577"
895,-1.52874293237058,0.625740714397552,6939,7.04425402049109,"#3C8CC3"
94,0.11384252468844,0.455298205955787,6204,7.04773168543986,"#78C579"
140,-0.990085082596458,0.506315011203662,6424,7.06550927296212,"#3D8DC3"
892,-2.10771632692527,0.757688724334103,7508,7.06609450535566,"#3E8EC4"
709,-0.320125709728097,0.443007793782435,6151,7.06635760247057,"#3F8FC4"
841,-0.303077287332842,0.440688848089349,6141,7.06792259908389,"#4090C5"
105,0.694966376849713,0.447645685168605,6171,7.08861413597983,"#79C67A"
904,-2.06071047995446,0.717570963843728,7335,7.09059255251879,"#4191C5"
1294,-0.853508441972307,0.459704202772649,6223,7.09393835600878,"#4292C6"
35,-2.00119581864915,0.690671193803939,7219,7.09933014206177,"#4392C6"
147,-0.634908590748675,0.423992439099136,6069,7.10653660210501,"#4493C6"
388,1.3473020640945,0.524170893040419,6501,7.10681801575868,"#7BC77C"
596,0.397595104646632,0.387816886287006,5913,7.12539498939798,"#7DC87D"
283,0.152102822704053,0.378309208945356,5872,7.12542478497737,"#7FC97F"
326,0.974727570948022,0.438369902396264,6131,7.13067481699364,"#81CA80"
342,0.446018485287029,0.37622215782158,5863,7.13983301045387,"#82CA82"
905,-1.91586039474191,0.624117452412393,6932,7.13983947564608,"#4594C7"
27,-0.431939684275374,0.365786902202696,5818,7.14938351492919,"#4695C7"
946,-2.06686759195278,0.651017222452182,7048,7.15607567526179,"#4795C8"
698,0.681323807079542,0.367410164187856,5825,7.16715768436398,"#84CB83"
123,-0.243712196553281,0.335176819053971,5686,7.17107608902426,"#4896C8"
306,-1.19744915084899,0.428630330485306,6089,7.17412046545903,"#4997C8"
486,1.30429647812108,0.447413790599297,6170,7.17425489124682,"#86CC85"
942,-1.71391263602968,0.534838043228611,6547,7.1749829485687,"#4A97C9"
586,0.887830540804754,0.378077314376048,5871,7.17914271778072,"#88CD86"
614,-1.12825773557437,0.411238237787167,6014,7.18007195146359,"#4B98C9"
387,0.907285694851572,0.374135106697803,5854,7.1854852864542,"#8ACE88"
1322,-0.467080115373341,0.322190723172693,5630,7.19509625268733,"#4C99CA"
1293,-1.45018632218873,0.449500841723073,6179,7.20016261217091,"#4D99CA"
918,0.496346215184026,0.300392633657692,5536,7.21880170360632,"#8CCF89"
46,-1.87373721143783,0.513735637421535,6456,7.23521061571292,"#4E9ACA"
1216,-2.28146905031571,0.630378605783723,6959,7.24056617801771,"#4F9BCB"
716,-0.448628123332171,0.274420441895137,5424,7.2415998927729,"#509BCB"
1318,-0.253318244657677,0.263985186276253,5379,7.2425566221906,"#519CCC"
117,0.492844789646149,0.263753291706945,5378,7.25511607742184,"#8DD08B"
525,-1.42035240573077,0.382947100331527,5892,7.25946876376216,"#529DCC"
459,0.572688685215569,0.257260243766306,5350,7.26744974521158,"#8FD08C"
921,-2.33063825971884,0.616928720763828,6901,7.26894773349131,"#539ECC"
356,0.00197092312472963,0.231288052003751,5238,7.27082259323144,"#91D18E"
878,-1.55772487475315,0.396165090782113,5949,7.27467973259484,"#549ECD"
134,-1.49124731875509,0.377149736098814,5867,7.27934631102316,"#559FCD"
1308,-0.294448517423877,0.227345844325506,5221,7.28072104611374,"#56A0CE"
1469,-1.07023666042477,0.299233160811149,5531,7.28195349591733,"#57A0CE"
477,0.442986939174504,0.233606997696837,5248,7.281990031527,"#93D28F"
473,0.576954957469449,0.239636256498858,5274,7.285355680399,"#95D391"
146,-0.411569134620588,0.227809633464124,5223,7.28593442710196,"#58A1CE"
67,-0.69540110935453,0.243346569607795,5290,7.29199799303421,"#59A2CF"
680,0.925220432133911,0.258419716612849,5355,7.30253978061066,"#96D492"
379,1.543332657289,0.356743013999663,5779,7.31014024893171,"#98D594"
1301,-0.349251971003392,0.197895234023324,5094,7.31256014062491,"#5AA2CF"
1288,-0.779398208518106,0.229432895449283,5230,7.31432152247515,"#5BA3D0"
599,1.48921243496563,0.337031975608439,5694,7.3182034810706,"#9AD595"
863,-1.37891551681256,0.31477009695482,5598,7.31841979661765,"#5CA4D0"
924,-2.62376288777135,0.667945526011704,7121,7.3205150718245,"#5DA4D0"
270,-1.36945309367042,0.308972732722107,5573,7.32233780709158,"#5EA5D1"
710,-0.0351210402150025,0.178879879340025,5012,7.32331471572003,"#5FA6D1"
631,0.105827136973924,0.177488511924174,5006,7.3253863287494,"#9CD697"
919,-1.63269019304813,0.35883006512344,5788,7.32749144634645,"#60A7D2"
897,-1.67676084538787,0.367642058757164,5826,7.32885837851836,"#61A7D2"
1243,-0.716669101680297,0.207402911364973,5135,7.32982753048053,"#62A8D2"
142,0.0909289443222092,0.170531674844918,4976,7.33214254873612,"#9ED798"
115,1.33853959508313,0.291348745454659,5497,7.33394652083598,"#9FD89A"
375,-0.817770133705464,0.211808908181835,5154,7.33602368547968,"#63A9D3"
1305,-0.251564057031471,0.16705325630529,4961,7.33936969056805,"#64A9D3"
1314,-0.27374452908548,0.16542999432013,4954,7.34178555400471,"#65AAD4"
400,1.54442549577041,0.319407988340991,5618,7.346867613608,"#A1D99B"
621,1.27464085005191e-05,0.150820636453693,4891,7.3512897416606,"#A2D99C"
952,0.61836449086189,0.170763569414226,4977,7.35737865498532,"#A4DA9E"
840,-0.974748461439525,0.203692598256037,5119,7.36322189345592,"#66ABD4"
92,0.412127235475796,0.148037901621991,4879,7.36561136957144,"#A5DA9F"
893,-2.15107339617967,0.450660314569616,6184,7.3722496399851,"#67ABD4"
50,-1.13435165332962,0.214823537582846,5167,7.37504597744539,"#68ACD5"
383,1.73363067607914,0.329843243959875,5663,7.3788136691853,"#A6DBA0"
951,0.497894967216721,0.139921591696193,4844,7.37900556478158,"#A8DBA1"
70,-1.35274297166768,0.247752566424657,5309,7.37940517977286,"#69ADD5"
607,0.634250082829371,0.147342217914065,4876,7.3820652840314,"#A9DCA3"
303,1.39744082456385,0.250999090394976,5323,7.38454167602079,"#AADDA4"
723,0.0260882323698464,0.112789927087095,4727,7.38936650354235,"#ABDDA5"
104,0.482321715740409,0.127167390384224,4789,7.39069809352139,"#ADDEA6"
1210,-0.245757726229294,0.106760668285073,4701,7.39943201810173,"#6AADD5"
598,0.0454709378682669,0.101658987760286,4679,7.40059108362431,"#AEDEA8"
729,0.689399733919555,0.132037176339703,4810,7.40224634772996,"#AFDFA9"
544,-0.54376786442233,0.112326137948478,4725,7.40976346494395,"#6CAED6"
1310,-0.381086227166841,0.0958616235275727,4654,7.41604661037065,"#6DAFD6"
884,-1.72670478703276,0.282536751820935,5459,7.42319020144796,"#6EAFD6"
505,-0.419037609737697,0.080092792814593,4586,7.43383733711659,"#6FB0D6"
101,1.17459930165229,0.1591688409488,4927,7.4362943686698,"#B1DFAA"
678,0.567416271256397,0.0777738471215078,4576,7.44598778874613,"#B2E0AB"
98,0.552573166415031,0.0742954285818799,4561,7.44834021971171,"#B3E0AD"
39,-0.62868718751073,0.0791652145373589,4582,7.44952095648078,"#70B1D7"
40,-1.38476262311565,0.181430719602418,5023,7.45049784811498,"#71B1D7"
460,0.918497163403162,0.107920141131616,4706,7.45101914503689,"#B4E1AE"
394,0.555609773772572,0.0643239621016133,4518,7.45850983714374,"#B6E1AF"
917,-1.8755258128376,0.282768646390244,5460,7.4589873383639,"#72B2D7"
543,-0.984324688362434,0.10722445742369,4703,7.46010944101925,"#73B2D7"
705,-1.04477981655166,0.112558032517787,4726,7.46304554007419,"#74B3D8"
733,-0.239781206596079,0.0411345051707608,4418,7.46482792859402,"#76B4D8"
933,-2.16374899596138,0.354655962875887,5770,7.46779179779919,"#77B4D8"
922,-2.23199261430252,0.372511844712643,5847,7.47080760544845,"#78B5D8"
954,-1.47529130208693,0.174473882523163,4993,7.47467330639744,"#79B5D9"
629,-0.246247979787344,0.0269889364429408,4357,7.47917633400356,"#7AB6D9"
1320,-0.420288803806439,0.0302354604132602,4371,7.48368608803241,"#7BB7D9"
376,-0.112933811793705,0.0174812591012913,4316,7.48548108640041,"#7CB7D9"
136,-0.664280031340317,0.0320906169677284,4379,7.49949752928772,"#7DB8DA"
567,-0.791776073358001,0.0443810291410802,4432,7.49964241765658,"#7EB8DA"
620,-0.788407164525554,0.033250089814271,4384,7.51035683992813,"#80B9DA"
926,-2.22770360476598,0.328683771113332,5658,7.51137222061044,"#81BADA"
684,0.322056800436073,-0.00825903809195499,4205,7.51727140327043,"#B7E2B0"
291,-1.17278156188804,0.0754549014284225,4566,7.51868526812558,"#82BADB"
715,0.517227654879419,0.00101674468038601,4245,7.5189048500662,"#B8E3B2"
1332,0.673956248672662,0.0121476840071952,4293,7.52022328020089,"#BAE3B3"
872,-1.97748777186054,0.244506042454337,5295,7.52218575818809,"#83BBDB"
479,0.449223696395409,-0.0115055620622743,4191,7.52703304268771,"#BBE4B4"
903,-1.99725302702838,0.242187096761252,5285,7.52964180455787,"#84BBDB"
845,-0.280159977824624,-0.0323760733000416,4101,7.53969334254082,"#85BCDB"
1321,-0.667601829215688,-0.0166072425870619,4169,7.54829827590637,"#86BDDB"
871,-1.35487119693319,0.0761505851363481,4569,7.54854653605846,"#87BDDC"
538,-0.694578153013521,-0.0154477697405193,4174,7.54957742637665,"#88BEDC"
882,-1.77616619049416,0.158936946379492,4926,7.55492967436681,"#8ABFDC"
1315,-0.627314538843472,-0.0430432234882337,4055,7.57118659143025,"#8BBFDC"
87,-0.0844695481299478,-0.0717981500824909,3931,7.57437954540739,"#8CC0DD"
722,-0.109120261596761,-0.0752765686221187,3916,7.57817261428472,"#8DC0DD"
1304,-0.491161114019169,-0.0755084631914272,3915,7.59352003644348,"#8EC1DD"
287,-2.32177804957683,0.270478234216892,5407,7.59520617073606,"#8FC2DD"
349,1.25660220961411,0.00148053381900306,4247,7.6051625343693,"#BCE4B5"
707,0.270309919875151,-0.10333581150845,3795,7.61024830053934,"#BDE5B7"
411,0.239386003025939,-0.108205597463929,3774,7.61408004334192,"#BFE5B8"
1323,-0.437124673710755,-0.103799600647067,3793,7.61846077532859,"#90C2DE"
890,-2.2780129088271,0.221548480092793,5196,7.62862532593812,"#91C3DE"
887,0.868047063388082,-0.0782911980231295,3903,7.62994061311069,"#C0E6B9"
685,-0.0849033023055198,-0.129539897840314,3682,7.63212254258616,"#92C3DE"
731,0.830572595734483,-0.086871297087545,3866,7.63429719772336,"#C1E6BA"
148,-0.05103657851612,-0.136960524058186,3650,7.63924138776856,"#94C4DE"
690,0.139739360334644,-0.139279469751272,3640,7.64266745944901,"#C3E7BC"
940,-1.84688274337677,0.0812522656611357,4591,7.64722897478431,"#95C5DF"
936,-2.28177030065171,0.199286601439175,5100,7.65099410651624,"#96C5DF"
611,0.780834965965126,-0.113075383419408,3753,7.65511315569999,"#C4E7BD"
1307,-0.231701146041252,-0.152265565632549,3584,7.65788198584426,"#97C6DF"
839,-0.605499286396905,-0.132554527241324,3669,7.6586381036531,"#98C6DF"
941,-1.88565370812977,0.0770781634135822,4573,7.66073059806719,"#99C7E0"
601,1.23436036852253,-0.059507737909139,3984,7.6617043829546,"#C5E8BE"
365,-1.41945576794528,-0.0328398624386586,4099,7.6674852334123,"#9AC8E0"
609,0.362053659512292,-0.15690345701872,3564,7.66756648350413,"#C7E9C0"
116,0.947181745282911,-0.110988332295632,3762,7.67179413389555,"#C7E9C0"
149,0.514715275748241,-0.152961249340475,3581,7.67235644612413,"#C8E9C1"
166,-0.0211087133063854,-0.17104902574654,3503,7.67318843862614,"#9BC8E0"
633,-0.478054168001444,-0.15690345701872,3564,7.6739187325729,"#9CC9E0"
157,0.345346896365333,-0.175223127994093,3485,7.68509689221118,"#C9E9C2"
89,0.250574462021917,-0.181716175934732,3457,7.68791116452035,"#CAEAC3"
603,0.101359231138718,-0.187049751028828,3434,7.68982816356591,"#CAEAC4"
1296,-0.198115193135861,-0.189600591291222,3423,7.69426197022524,"#9ECAE1"
852,-2.60903929375162,0.262361924291094,5372,7.69552101620257,"#9ECAE1"
107,0.220604819964272,-0.191687642414998,3414,7.69696007961078,"#CBEAC5"
93,0.557702819756464,-0.175455022563402,3484,7.69779467878157,"#CCEBC5"
290,-1.6786007611857,-0.017998610002913,4163,7.70517616336241,"#9FCAE1"
160,-0.222778888917629,-0.20235479260319,3368,7.70768538537841,"#A0CAE1"
318,1.53897466561824,-0.0525509008298833,4014,7.70982166206368,"#CDEBC6"
702,0.248798353975687,-0.204441843726967,3359,7.71056727930813,"#CEEBC7"
135,-0.573999734642215,-0.190296274999147,3420,7.71379256994011,"#A0CBE2"
338,0.656268726039997,-0.18519459447436,3442,7.71526709726854,"#CEECC8"
395,0.285302990547972,-0.208847840543829,3340,7.71623447324772,"#CFECC9"
369,-1.46809247999146,-0.077595514315204,3906,7.72057231980703,"#A1CBE2"
476,0.191813844026876,-0.220442569009255,3290,7.72493472928518,"#D0ECCA"
370,-0.60670126832452,-0.200963425187339,3374,7.72692904380053,"#A2CBE2"
866,0.865216521965142,-0.17731017911787,3476,7.72800748735091,"#D1EDCA"
384,0.785040015099692,-0.187049751028828,3434,7.729131342961,"#D1EDCB"
745,-0.634828869830534,-0.204905632865584,3357,7.73311732015623,"#A3CCE2"
855,0.373753370486309,-0.222065830994415,3283,7.73321341300886,"#D2EDCC"
725,0.257494095118152,-0.229950246350905,3249,7.7363469873872,"#D3EECD"
371,-0.656784772591114,-0.206992683989361,3348,7.7370301963656,"#A3CCE3"
929,-2.55787945813172,0.185604821849972,5041,7.75074195654953,"#A4CCE3"
1188,-2.11590857159021,0.0364966137845903,4398,7.75966867600113,"#A5CDE3"
916,-1.51360363024279,-0.116553801959036,3738,7.76756331406756,"#A6CDE3"
692,1.11582455005354,-0.18983248586053,3422,7.7724545318056,"#D4EECE"
527,-0.79644383346319,-0.231805402905373,3241,7.77481678804045,"#A6CDE4"
132,0.32599809776003,-0.266357693732343,3092,7.77530519933926,"#D5EECF"
1151,-0.109959365231108,-0.273546425380908,3061,7.77643425919434,"#A7CEE4"
721,0.574715133147149,-0.253835386989683,3146,7.77720979499276,"#D5EECF"
712,1.13194216097126,-0.193542798969466,3406,7.77845555862946,"#D6EFD0"
168,-0.0303518771176683,-0.278184316767078,3041,7.78035389782957,"#A8CEE4"
359,-0.406732119681647,-0.271227479687822,3071,7.78397151000365,"#A9CEE4"
276,-1.78156841544375,-0.087335086226162,3864,7.79574681957649,"#A9CEE5"
865,-1.42094017587563,-0.167106818068295,3520,7.79974123836623,"#AACFE5"
1224,-1.23258175117389,-0.202818581741808,3366,7.80289613217976,"#ABCFE5"
312,1.48138355579419,-0.16154134840489,3544,7.80551439846142,"#D7EFD1"
704,-1.12394681872955,-0.222297725563724,3282,7.8057502524311,"#ABCFE5"
494,-0.160933681469433,-0.306011665084101,2921,7.80978037406555,"#ACD0E6"
127,0.193042720586118,-0.310417661900963,2902,7.81491265900159,"#D8EFD2"
606,0.873486666618192,-0.265893904593726,3094,7.81696037426046,"#D8F0D3"
154,0.640843332718179,-0.289779045232504,2991,7.81819806365769,"#D9F0D4"
757,-0.923305956845177,-0.26218359148479,3110,7.81899959944537,"#ADD0E6"
760,-0.695791234870711,-0.288155783247345,2998,7.82127689748975,"#AED0E6"
108,0.330696238591617,-0.318533971826761,2867,7.82763297876892,"#DAF0D4"
875,-2.41054394420816,0.0460042911262399,4439,7.83608576313546,"#AED1E6"
719,0.614396707055916,-0.311345240178197,2898,7.83757437046022,"#DBF1D5"
165,0.212428955688731,-0.33453469710905,2798,7.83952371614909,"#DCF1D6"
949,-1.75086909538834,-0.139743258889889,3638,7.83986413137442,"#AFD1E7"
907,-2.39865157908705,0.0360328246459733,4396,7.84192855311086,"#B0D1E7"
925,-2.33813683075672,0.0156261025468231,4308,7.8431072061712,"#B1D2E7"
854,-1.97657940193925,-0.0905816101964814,3850,7.84575284860295,"#B1D2E7"
553,-0.986467564074142,-0.284677364707717,3013,7.8490242455073,"#B2D2E8"
706,-0.883287943130404,-0.300446195420697,2945,7.85239369068574,"#B3D3E8"
391,0.692468644632986,-0.322708074074315,2849,7.8553992026719,"#DCF1D7"
1300,0.0715812085685435,-0.366072358535009,2662,7.8685083368166,"#DDF2D8"
425,0.523113411648488,-0.354477630069583,2712,7.87398391994876,"#DEF2D9"
604,0.257024530470507,-0.370478355351871,2643,7.87678328858856,"#DFF2D9"
900,-1.62659369823702,-0.206065105712127,3352,7.87792969938402,"#B4D3E8"
870,-1.65872728323583,-0.199803952340797,3379,7.87850623872636,"#B4D3E8"
842,0.556522512243612,-0.356796575762668,2702,7.87858717132431,"#E0F3DA"
378,1.61107507902521,-0.214181415637925,3317,7.88268494590602,"#E0F3DB"
935,-2.42214169091111,-0.000142728166156616,4240,7.88356341011973,"#B5D3E9"
52,-0.95675658479169,-0.330592489430805,2815,7.8909199320243,"#B6D4E9"
625,-2.01865531323839,-0.135337262073027,3657,7.8997199779549,"#B6D4E9"
145,-0.0522054869202641,-0.402247911347139,2506,7.90453068694578,"#B7D4E9"
851,-0.224519996458488,-0.400160860223362,2515,7.90546013543131,"#B8D5EA"
310,1.41804507952309,-0.276561054781918,3048,7.90686923556621,"#E1F3DC"
1290,-0.166572053314994,-0.405030646178841,2494,7.90889533543278,"#B9D5EA"
1330,-0.578265260899891,-0.38949371003517,2561,7.91276221024533,"#B9D5EA"
713,-0.0405236657227201,-0.420567582322513,2427,7.9227815968951,"#BAD6EB"
555,-0.95594980431633,-0.368159409658786,2653,7.92811368236683,"#BBD6EB"
850,-1.40048608216108,-0.301373773697931,2941,7.92816032719691,"#BCD6EB"
129,-1.0785660089515,-0.355868997485434,2706,7.93165458796855,"#BCD7EB"
896,-2.08310614492675,-0.157831035295954,3560,7.93813792193986,"#BDD7EC"
688,-0.203349665183456,-0.434945045619641,2365,7.93965993513445,"#BED7EC"
309,1.34020816714735,-0.323635652351549,2845,7.93967624431043,"#E2F3DD"
156,0.644231913323095,-0.413610745243257,2457,7.94189370746914,"#E3F4DE"
504,-0.26532013735512,-0.437263991312726,2355,7.94380640203583,"#BFD8EC"
597,-0.0821092537734208,-0.442829460976131,2331,7.94536411853767,"#BFD8EC"
1211,-0.425000103464893,-0.434713151050333,2366,7.94819431197244,"#C0D8ED"
357,-0.172208083355189,-0.453728505733632,2284,7.95770243032143,"#C1D8ED"
198,-0.996643417250447,-0.394363495990649,2540,7.95912041279663,"#C1D9ED"
589,0.75255047684429,-0.422886528015598,2417,7.96064747254843,"#E3F4DE"
682,-0.381093586863538,-0.451641454609855,2293,7.96287639853436,"#C2D9ED"
1312,-0.525526559828792,-0.445844090377142,2318,7.96530968626599,"#C3D9EE"
155,0.697652222195506,-0.436104518466184,2360,7.96881260711099,"#E4F4DF"
485,0.377580948331229,-0.463004288505973,2244,7.97405913100574,"#E5F5E0"
962,-1.11175771965624,-0.396682441683734,2530,7.97664924872177,"#C4DAEE"
857,-2.42761840957679,-0.102176338661908,3800,7.98238733796394,"#C4DAEE"
914,0.969521816384613,-0.421263266030438,2424,7.98246969659127,"#E5F5E0"
362,-0.953945577056827,-0.426596841124534,2401,7.98588819933143,"#C5DAEE"
131,-0.41251071544464,-0.474599016971399,2194,7.987368644543,"#C6DBEF"
480,-0.212293379709523,-0.484802378020974,2150,7.98973365344604,"#C6DBEF"
1035,0.583673989584966,-0.4664827070456,2229,7.9899406182274,"#E5F5E0"
901,-2.27308106199198,-0.158062929865262,3559,7.99031617788056,"#C6DBEF"
372,0.00849510115151314,-0.48851269112991,2134,7.9906275849463,"#E5F5E0"
1137,-0.311729626175281,-0.486193745436825,2144,7.99438416202291,"#C7DBEF"
898,0.418476801477417,-0.48225153775858,2161,7.99532100899266,"#E5F5E1"
275,-1.00002252563928,-0.437727780451343,2353,8.00256677796727,"#C7DCEF"
1298,-0.184164490882041,-0.499411735887411,2087,8.00364121512099,"#C7DCEF"
881,-1.4286956664724,-0.37372487932219,2629,8.00437082533678,"#C8DCEF"
1299,-0.603357594035351,-0.482019643189272,2162,8.00689531486359,"#C8DCEF"
608,0.36881782552059,-0.497556579332943,2095,8.00816445999444,"#E6F5E1"
1195,1.61224227216118,-0.343114796173465,2761,8.00917493748566,"#E6F5E1"
605,1.13343240357861,-0.434017467342407,2369,8.016657295453,"#E6F5E1"
950,-0.234858756822589,-0.514484882892465,2022,8.02003480131322,"#C8DCEF"
708,0.353870070921455,-0.527470978773742,1966,8.03737524281406,"#E6F5E1"
923,-1.96704480416004,-0.29209799092559,2981,8.03859125477917,"#C9DDF0"
531,-0.575995728946516,-0.523760665664806,1982,8.04651334995221,"#C9DDF0"
1017,0.595379261710079,-0.522601192818264,1987,8.04676781457971,"#E6F5E2"
122,0.395282996611974,-0.541848442070871,1904,8.05366513756733,"#E7F5E2"
761,-0.778383761059217,-0.516340039446933,2014,8.05614227643674,"#C9DDF0"
955,-1.09016825020362,-0.482019643189272,2162,8.05821314006129,"#CADDF0"
560,-0.691106387902642,-0.527007189635125,1968,8.05880617436384,"#CADEF0"
956,0.660016289809286,-0.536282972407466,1928,8.06544413906317,"#E7F5E2"
874,-2.23566296490615,-0.265662010024418,3095,8.08309821580881,"#CADEF0"
47,-1.38806974658061,-0.469961125585228,2214,8.09201221460362,"#CBDEF0"
161,1.06092658207125,-0.523992560234115,1981,8.0959183289688,"#E7F5E2"
541,-1.00661148185023,-0.531181291882679,1950,8.09611275430734,"#CBDEF0"
623,0.00600123948636916,-0.594024720165289,1679,8.09613732246996,"#E7F6E3"
1148,0.349466220787316,-0.58915493420981,1700,8.09880861569848,"#E7F6E3"
463,0.809828677234562,-0.556225905368,1842,8.09892623401279,"#E8F6E3"
410,0.467269486846951,-0.585676515670182,1715,8.1012738265307,"#E8F6E3"
676,-0.0226095765948195,-0.601213451813853,1648,8.103355372033,"#CBDEF0"
1050,-2.01864559770653,-0.34705700385171,2744,8.10458873966382,"#CCDFF1"
19,-1.41467946583242,-0.480164486634803,2170,8.10666577621631,"#CCDFF1"
1152,-1.40431597903911,-0.485266167159591,2148,8.1098882510673,"#CCDFF1"
1324,0.159168436589105,-0.607706499754492,1620,8.11137869807546,"#E8F6E3"
861,-2.06414632461068,-0.343114796173465,2761,8.11222892209711,"#CDDFF1"
1230,-1.62997508030889,-0.445148406669216,2321,8.11269011823889,"#CDE0F1"
751,-0.899586806625817,-0.560631902184862,1823,8.11277199858351,"#CDE0F1"
600,0.87924056077693,-0.567588739264117,1793,8.11745697916256,"#E8F6E4"
868,-2.0996052960056,-0.344042374450699,2757,8.12221985761433,"#CEE0F1"
197,-1.23296131422453,-0.528630451620285,1961,8.12483796001882,"#CEE0F1"
765,-1.18009923264258,-0.536746761546084,1926,8.12501435756114,"#CEE0F1"
889,-2.09115113373984,-0.354013840930966,2714,8.12967408996433,"#CFE1F2"
492,-1.96268872233213,-0.388566131757936,2565,8.13110833798473,"#CFE1F2"
1204,-0.244686310051512,-0.626258065299174,1540,8.13205047586566,"#CFE1F2"
415,0.710761411295646,-0.601445346383162,1647,8.13466638305735,"#E8F6E4"
939,0.360328802674042,-0.628577010992259,1530,8.13866784340246,"#E9F6E4"
961,-0.815427801534847,-0.5970393495663,1666,8.14009513523802,"#D0E1F2"
867,-1.97524800632756,-0.394827285129266,2538,8.14022291730891,"#D0E2F2"
153,1.21857720724838,-0.556225905368,1842,8.14995178314169,"#E9F6E4"
461,0.0928934897465305,-0.649911311368644,1438,8.15255093980144,"#E9F6E5"
622,-1.07910226198623,-0.581734307991937,1732,8.15555066201744,"#D0E2F2"
466,0.925074219974896,-0.601909135521779,1645,8.15664726402198,"#E9F6E5"
958,-0.170373465754349,-0.655476781032048,1414,8.15936611365872,"#D1E2F2"
763,-0.888308348533221,-0.610025445447577,1610,8.16062738653165,"#D1E2F2"
862,-1.133831188872,-0.588227355932576,1704,8.16940253724976,"#D1E2F2"
735,0.689573456686261,-0.639012266611143,1485,8.17027474865121,"#E9F6E5"
636,-0.0721626153421409,-0.668694771482634,1357,8.17112380493358,"#D2E3F3"
269,-1.18281372928126,-0.585444621100874,1716,8.17359126598142,"#D2E3F3"
1219,0.835452997928148,-0.629736483838802,1525,8.17465076304938,"#E9F6E5"
1178,0.64452896430325,-0.649215627660718,1441,8.17676789679576,"#EAF7E6"
150,-0.719157442441543,-0.643882052566622,1464,8.17767571547991,"#D3E3F3"
1329,-0.290595390514337,-0.672636979160879,1340,8.17991075966511,"#D3E3F3"
1244,-0.963506918124198,-0.627185643576408,1536,8.18619566034002,"#D3E4F3"
559,-0.174034851235381,-0.683072234779763,1295,8.18703258425706,"#D4E4F3"
1126,-0.483968264007186,-0.673796452007422,1335,8.19021842048284,"#D4E4F3"
1020,0.765260664553478,-0.652462151631037,1427,8.1904015180826,"#EAF7E6"
43,-0.802717247688273,-0.649911311368644,1438,8.19144752808418,"#D4E4F3"
475,0.294280179769223,-0.690260966428327,1264,8.19765509587388,"#EAF7E6"
959,-0.432788871494539,-0.689101493581785,1269,8.2026372670089,"#D5E5F4"
1141,-0.281180611230787,-0.698145381784817,1230,8.20507507971191,"#D5E5F4"
1022,-0.174941225397766,-0.702087589463062,1213,8.20606292465289,"#D5E5F4"
888,-1.98720820687573,-0.46184481565943,2249,8.20814100669169,"#D6E5F4"
860,-2.36346840754182,-0.364217201980541,2670,8.21371368569876,"#D6E5F4"
727,-0.386182922552634,-0.709740110250243,1180,8.22092608486068,"#D6E6F4"
209,-1.10412314564102,-0.649679416799335,1439,8.22622421169142,"#D7E6F4"
1251,0.72903763268605,-0.692811806690721,1253,8.22728664170033,"#EAF7E6"
568,-0.679465670144199,-0.69930485463136,1225,8.22951307287592,"#D7E6F4"
1292,0.208356796171733,-0.725740835532531,1111,8.23048893737417,"#EAF7E6"
635,-0.700937022785432,-0.699072960062051,1226,8.23108260535097,"#D7E6F4"
111,1.58006868356993,-0.577792100313692,1749,8.23294850618699,"#EBF7E7"
703,0.303617898083435,-0.725277046393914,1113,8.2329877724196,"#EBF7E7"
1147,-0.795617338613992,-0.693275595829338,1251,8.23391512047787,"#D8E7F5"
489,-0.170466432709685,-0.730378726918702,1091,8.23425380158918,"#D8E7F5"
1474,-1.57848763010899,-0.58289378083848,1727,8.23765230199188,"#D8E7F5"
899,0.778082665967826,-0.699072960062051,1226,8.23801072961669,"#EBF7E7"
1207,-0.232301561319413,-0.734320934596947,1074,8.23970659576053,"#D9E7F5"
858,-2.46156861560099,-0.361666361718147,2681,8.24004275857035,"#D9E7F5"
540,-1.02768469478684,-0.675187819423273,1329,8.24162251278045,"#D9E8F5"
909,-2.1972286923836,-0.443293250114748,2329,8.24361891052306,"#DAE8F5"
37,-1.19774788477809,-0.654317308185506,1419,8.24390153975337,"#DAE8F5"
467,1.3576909004367,-0.635533848071515,1500,8.25012594648858,"#EBF7E7"
1196,-1.78580420868719,-0.559704323907627,1827,8.25723639974801,"#DAE8F5"
964,-1.25896799346312,-0.65988277784891,1395,8.25851879493983,"#DBE9F6"
1295,-0.758677460173035,-0.722958100700829,1123,8.25998444124388,"#DBE9F6"
277,-1.56225538881488,-0.609793550878269,1611,8.26097011572532,"#DBE9F6"
726,0.226848202193816,-0.756350918681257,979,8.26157630826745,"#EBF7E8"
31,-0.921626579983166,-0.708116848265083,1187,8.26179318680462,"#DCE9F6"
158,0.0868443689404494,-0.764235334037747,945,8.26680188325863,"#ECF7E8"
1071,-1.5874597002923,-0.612344391140663,1600,8.26827699718371,"#DCE9F6"
971,-2.21710220971138,-0.464163761352515,2239,8.26904262132375,"#DCEAF6"
367,0.218829762012729,-0.768873225423917,925,8.27387794414189,"#ECF7E8"
652,-1.65218782513551,-0.607474605185184,1621,8.27617624333262,"#DDEAF6"
114,-1.28124061872125,-0.676115397700507,1325,8.27798008955579,"#DDEAF6"
740,-0.695746306428652,-0.747307030478224,1018,8.27870463924859,"#DDEAF6"
883,-2.01022932553413,-0.530717502744062,1952,8.28054018192988,"#DEEBF7"
1297,0.00806992773731796,-0.781627426735886,870,8.28374173565634,"#ECF7E8"
938,-2.5292438264282,-0.390189393743096,2558,8.28766975827409,"#DEEBF7"
1280,-0.296562923546154,-0.781859321305195,869,8.28927641886428,"#DEEBF7"
6,-1.97501511156508,-0.549964751996669,1869,8.29075380117417,"#DEEBF7"
80,-0.137030072129926,-0.796236784602323,807,8.29947846996734,"#DEEBF7"
364,-1.13851072059324,-0.720407260438435,1134,8.30096397878191,"#DEEBF7"
354,-0.567120347763145,-0.780236059320035,876,8.30174005846636,"#DEEBF7"
634,0.0163509478303395,-0.807599618498441,758,8.30972608339871,"#ECF7E8"
528,-0.683388741771632,-0.781859321305195,869,8.31211009028979,"#DFEBF7"
968,-2.08642088423723,-0.546486333457042,1884,8.31462934420533,"#DFEBF7"
613,0.615693199528359,-0.790207525800301,833,8.31514367496706,"#ECF8E9"
1042,-0.856949297288785,-0.770496487409077,918,8.31687359826067,"#DFEBF7"
891,-2.32401667262211,-0.486193745436825,2144,8.31949855849455,"#DFEBF7"
718,0.216159809539934,-0.815252139285622,725,8.32017093027094,"#EDF8E9"
1021,0.375049556086342,-0.814324561008388,729,8.32488752272349,"#EDF8E9"
774,-1.04330068735182,-0.757510391527799,974,8.32525144259014,"#DFECF7"
1270,-0.654730046499772,-0.797860046587483,800,8.32575404900543,"#DFECF7"
920,-1.93776628129216,-0.598198822412843,1661,8.32886230555401,"#DFECF7"
910,-2.60903554720768,-0.407813381010544,2482,8.32910321472763,"#E0ECF7"
1139,0.102754307283381,-0.829861497152059,662,8.33260546154147,"#EDF8E9"
325,-0.311796785310923,-0.825687394904506,680,8.33363264029817,"#E0ECF7"
1149,-1.4238127045744,-0.709972004819552,1179,8.33459895145642,"#E0ECF7"
1475,-0.753770290500158,-0.800410886849876,789,8.336667739921,"#E0ECF7"
1073,-1.30446019160612,-0.734320934596947,1074,8.33908970813441,"#E0ECF7"
495,0.0959498997714937,-0.837282123369932,630,8.33994446485666,"#EDF8EA"
83,0.0929956534441795,-0.838673490785783,624,8.34130228076401,"#EDF8EA"
670,0.958322988324348,-0.784410161567588,858,8.34175075175095,"#EEF8EA"
1267,-0.827397585590906,-0.800178992280568,790,8.3434162999475,"#E0ECF7"
908,-2.19534954808492,-0.548573384580818,1875,8.34464311310085,"#E0ECF7"
1247,-0.309520306327447,-0.839369174493709,621,8.34722013285993,"#E1EDF8"
421,0.449954109063224,-0.835890755954081,636,8.35013302958726,"#EEF8EA"
151,0.639285643095452,-0.823832238350037,688,8.35044948406617,"#EEF8EB"
746,-1.03474496096064,-0.794149733478546,816,8.3605399929225,"#E1EDF8"
1217,-0.0671427302741423,-0.860239685731476,531,8.36261960968842,"#E1EDF8"
618,-0.612836676395309,-0.838905385355092,623,8.36349883471001,"#E1EDF8"
373,-0.831673893075124,-0.82035381981041,703,8.36391605589017,"#E1EDF8"
1012,0.485678445602447,-0.851659586667061,568,8.36787644368757,"#EEF8EB"
1279,-0.574728447480667,-0.853050954082912,562,8.3749049949956,"#E1EDF8"
1192,-0.0375483261485657,-0.872993887043445,476,8.37518843542489,"#E2EDF8"
45,-1.09733800436417,-0.801338465127111,785,8.37564405809878,"#E2EDF8"
1209,0.103940877133994,-0.874849043597913,468,8.37760424338409,"#EEF8EB"
1271,0.205403126141687,-0.873921465320679,472,8.37854998709683,"#EFF8EB"
931,-2.30791157127346,-0.553211275966989,1855,8.37941899962943,"#E2EDF8"
771,-1.67195111532837,-0.708812531973009,1184,8.37941976316158,"#E2EDF8"
361,0.503247308148425,-0.862326736855253,522,8.37956240523656,"#EFF8EB"
759,-1.15654358560327,-0.797396257448866,802,8.37970187172393,"#E2EDF8"
743,-0.298778707603563,-0.873457676182062,474,8.38089547411742,"#E2EEF8"
677,1.33959860896388,-0.773511116810088,905,8.38334274381106,"#EFF9EC"
1387,-0.475777940260413,-0.869979257642434,489,8.38559774359578,"#E2EEF8"
789,-0.834080134829478,-0.844934644157113,597,8.38861432388917,"#E3EEF8"
1067,-0.811599204646579,-0.851195797528443,570,8.39264066506064,"#E3EEF8"
1127,-0.413164261792421,-0.880646407830626,443,8.39293250534894,"#E3EEF8"
1248,0.370282650446247,-0.882965353523711,433,8.39324753991808,"#EFF9EC"
1001,-2.92084685391607,-0.366536147673626,2660,8.39326780769277,"#E3EEF8"
742,-1.29844890338936,-0.791598893216153,827,8.39473543549065,"#E3EEF8"
1052,-1.86168745383937,-0.685391180472848,1285,8.3964910496867,"#E3EEF8"
549,-1.83344093844695,-0.692348017552104,1255,8.39706222871426,"#E3EEF8"
797,-1.47357329280762,-0.766554279730832,935,8.39894240205219,"#E4EEF8"
886,-2.28836202413977,-0.579183467729544,1743,8.39904226541455,"#E4EEF8"
667,-0.520340727233145,-0.881805880677169,438,8.40004799430694,"#E4EFF9"
566,-0.668390224476669,-0.872530097904828,478,8.40127065357192,"#E4EFF9"
471,-0.0520297738732097,-0.901053129929776,355,8.40332458257487,"#E4EFF9"
1046,-2.32196256705842,-0.575705049189916,1758,8.4049159567622,"#E4EFF9"
1130,-0.816187197102251,-0.863718104271104,516,8.40554862797304,"#E4EFF9"
1411,-0.70937195173188,-0.873921465320679,472,8.40601677418951,"#E5EFF9"
170,0.609471438423483,-0.885979982924722,420,8.41020304980946,"#EFF9EC"
1144,-0.926878565049819,-0.859080212884933,536,8.41240821484419,"#E5EFF9"
1206,-0.855942453992847,-0.866964628241423,502,8.41273165781307,"#E5EFF9"
341,-0.318526369567737,-0.906618599593181,331,8.41475977485166,"#E5EFF9"
894,-1.81763226570125,-0.715073685344339,1157,8.41581255648527,"#E5EFF9"
640,-0.219737944951009,-0.91311164753382,303,8.41809043104304,"#E5EFF9"
1263,-0.302284463132367,-0.911024596410043,312,8.41856377276017,"#E5F0F9"
1278,-0.430539952712512,-0.908241861578341,324,8.42136505837378,"#E6F0F9"
1220,-1.22122273624363,-0.832412337414453,651,8.42351790328713,"#E6F0F9"
683,1.22388287774288,-0.832412337414453,651,8.42390397582455,"#F0F9EC"
1432,-0.420416888386914,-0.912879752964511,304,8.42548569911603,"#E6F0F9"
947,-2.18263478816292,-0.636925215487366,1494,8.4266123093586,"#E6F0F9"
1146,0.139844945731832,-0.925402059707171,250,8.42867264154303,"#F0F9ED"
711,-0.216668365573324,-0.925170165137863,251,8.43006539328909,"#E6F0F9"
647,-1.07320617484118,-0.866500839102806,504,8.43714555987179,"#E6F0F9"
1392,-0.892622670042424,-0.89108166344951,398,8.44052414708104,"#E6F0F9"
408,0.701111011278967,-0.914039225811054,299,8.44530229213871,"#F0F9ED"
834,-2.22440888359597,-0.646200998259707,1454,8.44647696780063,"#E7F0F9"
1452,-1.27220837875918,-0.848181168127433,583,8.44664922120225,"#E7F0F9"
401,-0.844768754565653,-0.902676391914936,348,8.4471341233677,"#E7F1FA"
928,-2.11438284978611,-0.676579186839124,1323,8.44757822308659,"#E7F1FA"
1276,-0.266266035349733,-0.942794152405311,175,8.44910114337524,"#E7F1FA"
790,-0.222368948523996,-0.944185519821162,169,8.44922258817711,"#E7F1FA"
1026,0.206017079022354,-0.944881203529088,166,8.44950352488337,"#F0F9ED"
643,-1.44465816472407,-0.823136554642112,691,8.4496611591288,"#E7F1FA"
1415,0.260879633389529,-0.947432043791481,155,8.45356879208515,"#F0F9ED"
877,-1.5582216914915,-0.807831513067749,757,8.45477315334203,"#E8F1FA"
1328,1.7339161885794,-0.775598167933864,896,8.45735916951347,"#F0F9ED"
1342,-0.842407543214513,-0.913575436672437,301,8.45774309150386,"#E8F1FA"
1193,-1.50264235155759,-0.822672765503495,693,8.4593113445938,"#E8F1FA"
1136,-0.477541863411086,-0.943953625251853,170,8.45955337946873,"#E8F1FA"
734,0.618126512273175,-0.934909737048821,209,8.45963290034831,"#F1F9EE"
849,-1.42220395011837,-0.837977807077858,627,8.46048077902962,"#E8F1FA"
295,1.04682183210989,-0.894791976558446,382,8.46190316074965,"#F1F9EE"
1333,0.857401969352821,-0.916590066073448,288,8.46224883265855,"#F1F9EE"
414,0.277960304122374,-0.956707826563822,115,8.46338391840254,"#F1F9EE"
1145,-1.08245385946417,-0.892241136296052,393,8.46385513257207,"#E8F1FA"
1024,0.440527962288144,-0.950446673192492,142,8.46402892191225,"#F1FAEF"
957,0.306982050894767,-0.957867299410365,110,8.46554548057006,"#F2FAEF"
1038,0.691229390600373,-0.935837315326055,205,8.46621281019315,"#F2FAEF"
1337,0.4256481807795,-0.953461302593503,129,8.46627833355375,"#F2FAEF"
360,0.219295470740328,-0.962041401657918,92,8.46699213737212,"#F2FAF0"
969,-2.04267486937294,-0.715073685344339,1157,8.46726842343767,"#E9F2FA"
314,0.331756121363388,-0.962041401657918,92,8.47065094753031,"#F2FAF0"
124,-0.678384120990664,-0.943721730682545,171,8.47303281153857,"#E9F2FA"
1094,0.0196217161953184,-0.971549078999568,51,8.47368217522314,"#F3FAF0"
1124,-0.13676366398604,-0.974795602969887,37,8.47800915968722,"#E9F2FA"
1365,-0.558868611877509,-0.957867299410365,110,8.47841709456255,"#E9F2FA"
844,0.430735583885527,-0.96644739847478,73,8.47950493593024,"#F3FAF0"
1266,0.0506368436631409,-0.979433494356058,17,8.48169502814079,"#F3FAF0"
1397,0.361932565565065,-0.973636130123345,42,8.48347063728824,"#F3FAF1"
1393,-0.92571154280614,-0.930735634801268,227,8.48350362396599,"#E9F2FA"
602,0.1763077826062,-0.980129178063983,14,8.48407168300784,"#F3FAF1"
1336,0.036864143047221,-0.981984334618452,6,8.48417480132717,"#F4FAF1"
1077,-0.0476713399187034,-0.982911912895686,2,8.48515620571586,"#E9F2FA"
1109,-0.411040242323435,-0.973172340984728,44,8.48524432466624,"#E9F2FA"
176,0.0157619062535551,-0.983143807464994,1,8.48526882493372,"#F4FAF1"
1274,-0.443811232363701,-0.971780973568876,50,8.48550546814483,"#EAF2FA"
1281,0.314746115565302,-0.977810232370898,24,8.48575975839569,"#F4FBF2"
619,0.272659420432444,-0.979665388925366,16,8.48615715867343,"#F4FBF2"
791,0.309586188494827,-0.979433494356058,17,8.48719211922051,"#F4FBF2"
1269,-0.231797420198285,-0.982448123757069,4,8.48772425420976,"#EAF2FA"
1459,-0.692717101879349,-0.957867299410365,110,8.48829071646728,"#EAF2FA"
575,-0.301856124528572,-0.980824861771909,11,8.4883041535887,"#EAF2FA"
1260,0.247564498800651,-0.982680018326377,3,8.48840127776784,"#F5FBF2"
350,0.406420619339807,-0.977114548662973,27,8.4889594814982,"#F5FBF2"
1122,0.313160325331833,-0.981752440049143,7,8.48964061115608,"#F5FBF3"
1429,-1.00018020439519,-0.929344267385416,233,8.49057052736719,"#EAF3FB"
1428,0.317760973727532,-0.982911912895686,2,8.49097022225217,"#F5FBF3"
508,-1.32347979289994,-0.885516193786105,422,8.49140025388503,"#EAF3FB"
1331,-0.540940566825808,-0.972244762707493,48,8.49160242530367,"#EAF3FB"
186,-0.554631610841544,-0.973636130123345,42,8.49387397454541,"#EBF3FB"
646,-0.835122182187701,-0.951606146039035,137,8.49486622200363,"#EBF3FB"
655,-0.497147637892602,-0.979201599786749,18,8.49587009317836,"#EBF3FB"
648,-0.866132584668418,-0.949519094915258,146,8.49589467939778,"#EBF3FB"
292,1.00067435803929,-0.934677842479512,210,8.49592517915508,"#F5FBF3"
584,0.708068680430056,-0.964360347351004,82,8.49602776603159,"#F6FBF3"
1451,-1.23927536144812,-0.905459126746638,336,8.49841328721863,"#EBF3FB"
963,-1.77741872420002,-0.811309931607377,742,8.50130428622843,"#EBF3FB"
409,0.534392744142151,-0.982680018326377,3,8.50160241815248,"#F6FBF4"
744,-0.542487741877316,-0.982680018326377,3,8.50211509104832,"#EBF3FB"
668,0.627555158256527,-0.979665388925366,16,8.50496006097666,"#F6FBF4"
864,-1.37871193433016,-0.890385979741584,401,8.50498922481993,"#ECF4FB"
1218,-1.09653694388656,-0.934445947910204,211,8.50751878700868,"#ECF4FB"
545,-0.709726990144385,-0.979201599786749,18,8.51095560244792,"#ECF4FB"
1437,-0.692724746987044,-0.982448123757069,4,8.5127904089422,"#ECF4FB"
1359,-1.77414496006883,-0.824759816627272,684,8.5137745788357,"#ECF4FB"
1345,-0.999865799713119,-0.957635404841056,111,8.51862843006313,"#ECF4FB"
572,-0.782112511348905,-0.981752440049143,7,8.51983733985791,"#ECF4FB"
982,-1.72494777006389,-0.842615698464028,607,8.52114417800745,"#EDF4FB"
645,-0.836558634790442,-0.978042126940207,23,8.52131544177524,"#EDF4FB"
1341,-0.800534106871722,-0.981520545479835,8,8.52131729862467,"#EDF4FB"
1051,-1.98994797341883,-0.785337739844822,854,8.52300940071021,"#EDF4FB"
741,-1.27017658511181,-0.925865848845788,248,8.52315269365652,"#EDF5FC"
1135,-1.02608539200641,-0.965519820197546,77,8.52957281502799,"#EDF5FC"
1078,-1.50061205624277,-0.898038500528766,368,8.53313176544953,"#EDF5FC"
1091,-1.75091896406266,-0.849572535543284,577,8.53324819214873,"#EEF5FC"
784,-0.916574406167079,-0.983143807464994,1,8.53461465068833,"#EEF5FC"
981,-2.06990196109898,-0.780236059320035,876,8.53708127160914,"#EEF5FC"
282,-1.16593543385715,-0.956244037425205,117,8.5383350165365,"#EEF5FC"
777,-1.00156805635446,-0.979201599786749,18,8.54024539681442,"#EEF5FC"
223,-0.987648744280049,-0.981288650910526,9,8.54069722724964,"#EEF5FC"
666,-1.14768858683054,-0.961577612519301,94,8.54114766848984,"#EEF5FC"
1423,-0.988130140969771,-0.981752440049143,7,8.54121358430531,"#EFF5FC"
994,-1.60795820537347,-0.890617874310893,400,8.54537401809297,"#EFF6FC"
337,1.04183943376349,-0.980361072633292,13,8.54621268857177,"#F6FBF4"
1162,-2.2357844566718,-0.747538925047533,1017,8.54724784721207,"#EFF6FC"
873,-2.48767735162595,-0.68191276193322,1300,8.55375785035121,"#EFF6FC"
1356,-1.11385116265157,-0.981056756341217,10,8.55597972434828,"#EFF6FC"
208,-1.22730483090638,-0.968998238737174,62,8.55955363008341,"#EFF6FC"
835,-1.90518571578534,-0.843079487602645,605,8.55990224864238,"#F0F6FC"
526,-2.00639233887347,-0.823600343780729,689,8.56405682150603,"#F0F6FC"
1325,1.67238513155456,-0.900357446221851,358,8.56728297461122,"#F6FBF4"
1396,-1.19039998368163,-0.98221622918776,5,8.56742960871785,"#F0F6FC"
1327,1.23838260497722,-0.975723181247121,33,8.56780329701595,"#F7FCF5"
1427,-1.53256881324602,-0.928648583677491,236,8.56892431049432,"#F0F6FC"
1045,-2.09228333617952,-0.807599618498441,758,8.56906819826266,"#F0F6FC"
216,-1.23429091887025,-0.981752440049143,7,8.57317924632596,"#F0F6FC"
1473,-1.25346718724711,-0.981984334618452,6,8.57619047619264,"#F0F7FD"
985,-1.86431536762689,-0.870211152211743,488,8.57737952972501,"#F1F7FD"
644,-1.31254081414461,-0.983143807464994,1,8.58616922629054,"#F1F7FD"
1049,-1.69721570932721,-0.915430593226905,293,8.58693991873757,"#F1F7FD"
1172,-1.98760697728434,-0.852355270374986,565,8.58764681200573,"#F1F7FD"
1082,-1.35984561812042,-0.981288650910526,9,8.59169594379323,"#F1F7FD"
1160,-2.28546295866509,-0.783018794151737,864,8.59457423822615,"#F1F7FD"
1133,-1.66789478131878,-0.929808056524033,231,8.59529647480282,"#F1F7FD"
915,-2.11236574464222,-0.83287612655307,649,8.59849341872986,"#F2F7FD"
1090,-2.0755980058062,-0.84238380389472,608,8.59876097092509,"#F2F7FD"
61,-1.7706491605071,-0.912647858395203,305,8.59903219137613,"#F2F8FD"
869,-2.21732268345892,-0.80620825108259,764,8.59910915889884,"#F2F8FD"
967,-2.53266979228655,-0.716233158190882,1152,8.59974341229483,"#F2F8FD"
1048,-1.80023822402039,-0.907314283301107,328,8.59995818589019,"#F2F8FD"
1062,-1.9432118191982,-0.877167989290998,458,8.60164973319378,"#F2F8FD"
1156,-1.76909208926034,-0.917285749781373,285,8.60325043100118,"#F3F8FD"
856,-1.51522829503164,-0.973636130123345,42,8.61012169819798,"#F3F8FD"
1079,-2.32609142634178,-0.791830787785461,826,8.61395155471193,"#F3F8FD"
264,-1.82168859638802,-0.926329637984406,246,8.62305922784935,"#F3F8FD"
975,-2.08301843582952,-0.865805155394881,507,8.62328105652164,"#F3F8FD"
212,-1.56175820728543,-0.979897283494675,15,8.62458942033934,"#F3F8FD"
979,-1.78827347161341,-0.936532999033981,202,8.62604336041607,"#F3F9FE"
653,-1.56218072480478,-0.982911912895686,2,8.62763072318817,"#F4F9FE"
529,-2.04331002303074,-0.883429142662328,431,8.63089734063262,"#F4F9FE"
278,-1.62254455092656,-0.975723181247121,33,8.63170392679156,"#F4F9FE"
1009,-1.85086002285939,-0.936301104464672,203,8.63900869158917,"#F4F9FE"
626,-1.75559498623172,-0.957867299410365,110,8.64021620445406,"#F4F9FE"
289,-1.66334388187919,-0.977114548662973,27,8.64083145467371,"#F4F9FE"
1002,-2.36302782198631,-0.814788350147005,727,8.6460803225191,"#F4F9FE"
624,-1.67647829036731,-0.980361072633292,13,8.64655430623282,"#F5F9FE"
1060,-1.91179065882687,-0.934677842479512,210,8.65068430831582,"#F5F9FE"
1064,-1.88313522997339,-0.942562257836002,176,8.65209189864209,"#F5F9FE"
983,-1.9538891306199,-0.936996788172598,200,8.66234451512077,"#F5FAFE"
13,-1.97054390346074,-0.954388880870737,125,8.68305378265583,"#F5FAFE"
1008,-2.04292104935896,-0.9805929672026,12,8.72523824651092,"#F5FAFE"
990,-2.13036890287249,-0.967606871321323,68,8.73353204308121,"#F5FAFE"
976,-2.28278076465803,-0.956707826563822,115,8.76143215685082,"#F6FAFE"
997,-2.19190405060318,-0.981752440049143,7,8.76244096609382,"#F6FAFE"
1005,-2.26109374290753,-0.982911912895686,2,8.78112454034017,"#F6FAFE"
1154,-2.27230084816336,-0.980361072633292,13,8.78155299802514,"#F6FAFE"
1011,-2.32215444743696,-0.981288650910526,9,8.79547954140211,"#F6FAFE"
1158,-2.44849557692136,-0.981984334618452,6,8.83034504901341,"#F6FAFE"
1153,-2.96325481248937,-0.866964628241423,502,8.87819213272412,"#F7FBFF"
